id,date,confirmed,deaths,recovered,tests,vaccines,people_vaccinated,people_fully_vaccinated,hosp,icu,vent,school_closing,workplace_closing,cancel_events,gatherings_restrictions,transport_closing,stay_home_restrictions,internal_movement_restrictions,international_movement_restrictions,information_campaigns,testing_policy,contact_tracing,facial_coverings,vaccination_policy,elderly_people_protection,government_response_index,stringency_index,containment_health_index,economic_support_index,administrative_area_level,administrative_area_level_1,administrative_area_level_2,administrative_area_level_3,latitude,longitude,population,iso_alpha_3,iso_alpha_2,iso_numeric,iso_currency,key_local,key_google_mobility,key_apple_mobility,key_jhu_csse,key_nuts,key_gadm
d9ccc2c9,2020-03-05,,,,,,,,,,,0,1,0,0,0,0,0,0,-2,2,0,0,0,0,10.94,12.04,12.5,0.0,1,Colombia,,,4.5709,-74.2973,49648685,COL,CO,170,COU,,ChIJo5QVrjqkFY4RQKPy7wSaDZo,Colombia,CO,,COL
d9ccc2c9,2020-03-06,1,,,,,,,,,,0,1,0,0,0,0,0,0,-2,2,0,0,0,0,10.94,12.04,12.5,0.0,1,Colombia,,,4.5709,-74.2973,49648685,COL,CO,170,COU,,ChIJo5QVrjqkFY4RQKPy7wSaDZo,Colombia,CO,,COL
d9ccc2c9,2020-03-07,,1,,,,,,,,,0,1,0,0,0,0,0,0,-2,2,0,0,0,0,10.94,12.04,12.5,0.0,1,Colombia,,,4.5709,-74.2973,49648685,COL,CO,170,COU,,ChIJo5QVrjqkFY4RQKPy7wSaDZo,Colombia,CO,,COL
d9ccc2c9,2020-03-08,,,,,,,,,,,0,1,0,0,0,0,0,0,-2,2,0,0,0,0,10.94,12.04,12.5,0.0,1,Colombia,,,4.5709,-74.2973,49648685,COL,CO,170,COU,,ChIJo5QVrjqkFY4RQKPy7wSaDZo,Colombia,CO,,COL
d9ccc2c9,2020-03-09,3,,,,,,,,,,0,1,0,0,0,0,0,0,2,2,0,0,0,0,12.5,14.81,14.29,0.0,1,Colombia,,,4.5709,-74.2973,49648685,COL,CO,170,COU,,ChIJo5QVrjqkFY4RQKPy7wSaDZo,Colombia,CO,,COL
d9ccc2c9,2020-03-10,,2,,,,,,,,,0,1,0,0,0,0,0,0,2,2,0,0,0,0,12.5,14.81,14.29,0.0,1,Colombia,,,4.5709,-74.2973,49648685,COL,CO,170,COU,,ChIJo5QVrjqkFY4RQKPy7wSaDZo,Colombia,CO,,COL
d9ccc2c9,2020-03-11,9,3,,,,,,,,,0,1,0,0,0,0,0,0,2,2,0,0,0,0,12.5,14.81,14.29,0.0,1,Colombia,,,4.5709,-74.2973,49648685,COL,CO,170,COU,,ChIJo5QVrjqkFY4RQKPy7wSaDZo,Colombia,CO,,COL
d9ccc2c9,2020-03-12,14,,,,,,,,,,0,1,-2,2,0,0,0,2,2,2,0,0,0,0,23.44,34.26,26.79,0.0,1,Colombia,,,4.5709,-74.2973,49648685,COL,CO,170,COU,,ChIJo5QVrjqkFY4RQKPy7wSaDZo,Colombia,CO,,COL
d9ccc2c9,2020-03-13,19,,1,,,,,,,,0,1,-2,2,0,0,0,2,2,2,0,0,0,0,23.44,34.26,26.79,0.0,1,Colombia,,,4.5709,-74.2973,49648685,COL,CO,170,COU,,ChIJo5QVrjqkFY4RQKPy7wSaDZo,Colombia,CO,,COL
d9ccc2c9,2020-03-14,37,,2,,,,,,,,0,1,-2,2,0,0,0,2,2,2,0,0,0,0,23.44,34.26,26.79,0.0,1,Colombia,,,4.5709,-74.2973,49648685,COL,CO,170,COU,,ChIJo5QVrjqkFY4RQKPy7wSaDZo,Colombia,CO,,COL
d9ccc2c9,2020-03-15,53,4,3,,,,,,,,0,1,-2,2,0,0,0,2,2,2,0,0,0,0,23.44,34.26,26.79,0.0,1,Colombia,,,4.5709,-74.2973,49648685,COL,CO,170,COU,,ChIJo5QVrjqkFY4RQKPy7wSaDZo,Colombia,CO,,COL
d9ccc2c9,2020-03-16,67,5,,,,,,,,,3,1,-2,2,0,0,0,2,2,2,0,0,0,0,29.69,45.37,33.93,0.0,1,Colombia,,,4.5709,-74.2973,49648685,COL,CO,170,COU,,ChIJo5QVrjqkFY4RQKPy7wSaDZo,Colombia,CO,,COL
d9ccc2c9,2020-03-17,92,,4,,,,,,,,3,1,2,3,0,0,0,2,2,2,0,0,0,0,39.06,50.93,37.5,50.0,1,Colombia,,,4.5709,-74.2973,49648685,COL,CO,170,COU,,ChIJo5QVrjqkFY4RQKPy7wSaDZo,Colombia,CO,,COL
d9ccc2c9,2020-03-18,104,,,,,,,,,,3,1,2,3,0,0,0,2,2,2,0,0,0,0,39.06,50.93,37.5,50.0,1,Colombia,,,4.5709,-74.2973,49648685,COL,CO,170,COU,,ChIJo5QVrjqkFY4RQKPy7wSaDZo,Colombia,CO,,COL
d9ccc2c9,2020-03-19,130,,5,,,,,,,,3,1,2,3,0,0,0,2,2,2,0,0,0,0,39.06,50.93,37.5,50.0,1,Colombia,,,4.5709,-74.2973,49648685,COL,CO,170,COU,,ChIJo5QVrjqkFY4RQKPy7wSaDZo,Colombia,CO,,COL
d9ccc2c9,2020-03-20,178,,6,,,,,,,,3,1,2,3,0,0,0,2,2,2,0,0,0,3,45.31,50.93,44.64,50.0,1,Colombia,,,4.5709,-74.2973,49648685,COL,CO,170,COU,,ChIJo5QVrjqkFY4RQKPy7wSaDZo,Colombia,CO,,COL
d9ccc2c9,2020-03-21,212,,9,,,,,,,,3,1,2,3,0,0,0,2,2,2,0,0,0,3,45.31,50.93,44.64,50.0,1,Colombia,,,4.5709,-74.2973,49648685,COL,CO,170,COU,,ChIJo5QVrjqkFY4RQKPy7wSaDZo,Colombia,CO,,COL
d9ccc2c9,2020-03-22,241,7,12,,,,,,,,3,1,2,3,0,0,0,2,2,2,0,0,0,3,45.31,50.93,44.64,50.0,1,Colombia,,,4.5709,-74.2973,49648685,COL,CO,170,COU,,ChIJo5QVrjqkFY4RQKPy7wSaDZo,Colombia,CO,,COL
d9ccc2c9,2020-03-23,314,8,20,,,,,,,,3,1,2,3,0,0,0,3,2,2,0,0,0,3,46.88,53.7,46.43,50.0,1,Colombia,,,4.5709,-74.2973,49648685,COL,CO,170,COU,,ChIJo5QVrjqkFY4RQKPy7wSaDZo,Colombia,CO,,COL
d9ccc2c9,2020-03-24,419,9,31,,,,,,,,3,1,2,3,0,0,0,3,2,2,0,0,0,3,46.88,53.7,46.43,50.0,1,Colombia,,,4.5709,-74.2973,49648685,COL,CO,170,COU,,ChIJo5QVrjqkFY4RQKPy7wSaDZo,Colombia,CO,,COL
d9ccc2c9,2020-03-25,480,13,42,,,,,,,,3,3,2,3,1,2,2,4,2,2,0,0,0,3,66.15,87.96,68.45,50.0,1,Colombia,,,4.5709,-74.2973,49648685,COL,CO,170,COU,,ChIJo5QVrjqkFY4RQKPy7wSaDZo,Colombia,CO,,COL
d9ccc2c9,2020-03-26,490,15,58,,,,,,,,3,3,2,3,1,2,2,4,2,2,1,0,0,3,69.27,87.96,72.02,50.0,1,Colombia,,,4.5709,-74.2973,49648685,COL,CO,170,COU,,ChIJo5QVrjqkFY4RQKPy7wSaDZo,Colombia,CO,,COL
d9ccc2c9,2020-03-27,539,18,76,,,,,,,,3,3,2,3,1,2,2,4,2,2,1,0,0,3,69.27,87.96,72.02,50.0,1,Colombia,,,4.5709,-74.2973,49648685,COL,CO,170,COU,,ChIJo5QVrjqkFY4RQKPy7wSaDZo,Colombia,CO,,COL
d9ccc2c9,2020-03-28,608,23,109,,,,,,,,3,3,2,3,1,2,2,4,2,2,1,0,0,3,69.27,87.96,72.02,50.0,1,Colombia,,,4.5709,-74.2973,49648685,COL,CO,170,COU,,ChIJo5QVrjqkFY4RQKPy7wSaDZo,Colombia,CO,,COL
d9ccc2c9,2020-03-29,702,24,138,,,,,,,,3,3,2,3,1,2,2,4,2,2,1,0,0,3,69.27,87.96,72.02,50.0,1,Colombia,,,4.5709,-74.2973,49648685,COL,CO,170,COU,,ChIJo5QVrjqkFY4RQKPy7wSaDZo,Colombia,CO,,COL
d9ccc2c9,2020-03-30,798,29,173,,,,,,,,3,3,2,3,1,2,2,4,2,2,1,0,0,3,69.27,87.96,72.02,50.0,1,Colombia,,,4.5709,-74.2973,49648685,COL,CO,170,COU,,ChIJo5QVrjqkFY4RQKPy7wSaDZo,Colombia,CO,,COL
d9ccc2c9,2020-03-31,905,34,200,,,,,,,,3,3,2,3,1,2,2,4,2,2,1,0,0,3,69.27,87.96,72.02,50.0,1,Colombia,,,4.5709,-74.2973,49648685,COL,CO,170,COU,,ChIJo5QVrjqkFY4RQKPy7wSaDZo,Colombia,CO,,COL
d9ccc2c9,2020-04-01,1065,38,233,,,,,,,,3,3,2,3,1,2,2,4,2,2,1,0,0,3,69.27,87.96,72.02,50.0,1,Colombia,,,4.5709,-74.2973,49648685,COL,CO,170,COU,,ChIJo5QVrjqkFY4RQKPy7wSaDZo,Colombia,CO,,COL
d9ccc2c9,2020-04-02,1161,45,266,,,,,,,,3,3,2,3,1,2,2,4,2,2,1,0,0,3,69.27,87.96,72.02,50.0,1,Colombia,,,4.5709,-74.2973,49648685,COL,CO,170,COU,,ChIJo5QVrjqkFY4RQKPy7wSaDZo,Colombia,CO,,COL
d9ccc2c9,2020-04-03,1266,59,302,,,,,,,,3,3,2,3,1,2,2,4,2,2,2,0,0,3,72.4,87.96,75.6,50.0,1,Colombia,,,4.5709,-74.2973,49648685,COL,CO,170,COU,,ChIJo5QVrjqkFY4RQKPy7wSaDZo,Colombia,CO,,COL
d9ccc2c9,2020-04-04,1406,75,341,,,,,,,,3,3,2,3,1,2,2,4,2,2,2,2,0,3,75.52,87.96,79.17,50.0,1,Colombia,,,4.5709,-74.2973,49648685,COL,CO,170,COU,,ChIJo5QVrjqkFY4RQKPy7wSaDZo,Colombia,CO,,COL
d9ccc2c9,2020-04-05,1485,83,360,,,,,,,,3,3,2,3,1,2,2,4,2,2,2,2,0,3,75.52,87.96,79.17,50.0,1,Colombia,,,4.5709,-74.2973,49648685,COL,CO,170,COU,,ChIJo5QVrjqkFY4RQKPy7wSaDZo,Colombia,CO,,COL
d9ccc2c9,2020-04-06,1579,95,384,,,,,,,,3,3,2,3,1,2,2,4,2,2,2,2,0,3,75.52,87.96,79.17,50.0,1,Colombia,,,4.5709,-74.2973,49648685,COL,CO,170,COU,,ChIJo5QVrjqkFY4RQKPy7wSaDZo,Colombia,CO,,COL
d9ccc2c9,2020-04-07,1708,104,410,,,,,,,,3,3,2,3,1,2,2,4,2,2,2,4,0,3,81.77,87.96,82.74,75.0,1,Colombia,,,4.5709,-74.2973,49648685,COL,CO,170,COU,,ChIJo5QVrjqkFY4RQKPy7wSaDZo,Colombia,CO,,COL
d9ccc2c9,2020-04-08,2054,109,452,,,,,,,,3,3,2,3,1,2,2,4,2,2,2,4,0,3,81.77,87.96,82.74,75.0,1,Colombia,,,4.5709,-74.2973,49648685,COL,CO,170,COU,,ChIJo5QVrjqkFY4RQKPy7wSaDZo,Colombia,CO,,COL
d9ccc2c9,2020-04-09,2223,123,495,,,,,,,,3,3,2,3,1,2,2,4,2,2,2,4,0,3,81.77,87.96,82.74,75.0,1,Colombia,,,4.5709,-74.2973,49648685,COL,CO,170,COU,,ChIJo5QVrjqkFY4RQKPy7wSaDZo,Colombia,CO,,COL
d9ccc2c9,2020-04-10,2474,128,542,,,,,,,,3,3,2,3,1,2,2,4,2,2,2,4,0,3,81.77,87.96,82.74,75.0,1,Colombia,,,4.5709,-74.2973,49648685,COL,CO,170,COU,,ChIJo5QVrjqkFY4RQKPy7wSaDZo,Colombia,CO,,COL
d9ccc2c9,2020-04-11,2709,137,595,,,,,,,,3,3,2,3,1,2,2,4,2,2,2,4,0,3,81.77,87.96,82.74,75.0,1,Colombia,,,4.5709,-74.2973,49648685,COL,CO,170,COU,,ChIJo5QVrjqkFY4RQKPy7wSaDZo,Colombia,CO,,COL
d9ccc2c9,2020-04-12,2776,149,690,,,,,,,,3,3,2,3,1,2,2,4,2,2,2,4,0,3,81.77,87.96,82.74,75.0,1,Colombia,,,4.5709,-74.2973,49648685,COL,CO,170,COU,,ChIJo5QVrjqkFY4RQKPy7wSaDZo,Colombia,CO,,COL
d9ccc2c9,2020-04-13,2853,156,786,,,,,,,,3,3,2,3,1,2,2,4,2,2,2,4,0,3,81.77,87.96,82.74,75.0,1,Colombia,,,4.5709,-74.2973,49648685,COL,CO,170,COU,,ChIJo5QVrjqkFY4RQKPy7wSaDZo,Colombia,CO,,COL
d9ccc2c9,2020-04-14,2979,167,863,,,,,,,,3,2,2,3,1,2,2,4,2,2,2,4,0,3,79.69,84.26,80.36,75.0,1,Colombia,,,4.5709,-74.2973,49648685,COL,CO,170,COU,,ChIJo5QVrjqkFY4RQKPy7wSaDZo,Colombia,CO,,COL
d9ccc2c9,2020-04-15,3104,179,959,,,,,,,,3,2,2,3,1,2,2,4,2,2,2,4,0,3,79.69,84.26,80.36,75.0,1,Colombia,,,4.5709,-74.2973,49648685,COL,CO,170,COU,,ChIJo5QVrjqkFY4RQKPy7wSaDZo,Colombia,CO,,COL
d9ccc2c9,2020-04-16,3232,195,1036,,,,,,,,3,2,2,3,1,2,2,4,2,2,2,4,0,3,79.69,84.26,80.36,75.0,1,Colombia,,,4.5709,-74.2973,49648685,COL,CO,170,COU,,ChIJo5QVrjqkFY4RQKPy7wSaDZo,Colombia,CO,,COL
d9ccc2c9,2020-04-17,3437,200,1087,,,,,,,,3,2,2,3,1,2,2,4,2,2,2,4,0,3,79.69,84.26,80.36,75.0,1,Colombia,,,4.5709,-74.2973,49648685,COL,CO,170,COU,,ChIJo5QVrjqkFY4RQKPy7wSaDZo,Colombia,CO,,COL
d9ccc2c9,2020-04-18,3620,213,1143,,,,,,,,3,2,2,3,1,2,2,4,2,2,2,4,0,3,79.69,84.26,80.36,75.0,1,Colombia,,,4.5709,-74.2973,49648685,COL,CO,170,COU,,ChIJo5QVrjqkFY4RQKPy7wSaDZo,Colombia,CO,,COL
d9ccc2c9,2020-04-19,3794,222,1215,,,,,,,,3,2,2,3,1,2,2,4,2,2,2,4,0,3,79.69,84.26,80.36,75.0,1,Colombia,,,4.5709,-74.2973,49648685,COL,CO,170,COU,,ChIJo5QVrjqkFY4RQKPy7wSaDZo,Colombia,CO,,COL
d9ccc2c9,2020-04-20,3976,232,1296,,,,,,,,3,2,2,3,1,2,2,4,2,2,2,4,0,3,79.69,84.26,80.36,75.0,1,Colombia,,,4.5709,-74.2973,49648685,COL,CO,170,COU,,ChIJo5QVrjqkFY4RQKPy7wSaDZo,Colombia,CO,,COL
d9ccc2c9,2020-04-21,4147,242,1381,,,,,,,,3,2,2,3,1,2,2,4,2,2,2,4,0,3,79.69,84.26,80.36,75.0,1,Colombia,,,4.5709,-74.2973,49648685,COL,CO,170,COU,,ChIJo5QVrjqkFY4RQKPy7wSaDZo,Colombia,CO,,COL
d9ccc2c9,2020-04-22,4340,251,1469,,,,,,,,3,2,2,3,1,2,2,4,2,2,2,4,0,3,79.69,84.26,80.36,75.0,1,Colombia,,,4.5709,-74.2973,49648685,COL,CO,170,COU,,ChIJo5QVrjqkFY4RQKPy7wSaDZo,Colombia,CO,,COL
d9ccc2c9,2020-04-23,4534,261,1573,,,,,,,,3,2,2,3,1,2,2,4,2,2,2,4,0,3,79.69,84.26,80.36,75.0,1,Colombia,,,4.5709,-74.2973,49648685,COL,CO,170,COU,,ChIJo5QVrjqkFY4RQKPy7wSaDZo,Colombia,CO,,COL
d9ccc2c9,2020-04-24,4838,276,1658,,,,,,,,3,2,2,4,1,2,2,4,2,2,2,4,0,3,81.25,87.04,82.14,75.0,1,Colombia,,,4.5709,-74.2973,49648685,COL,CO,170,COU,,ChIJo5QVrjqkFY4RQKPy7wSaDZo,Colombia,CO,,COL
d9ccc2c9,2020-04-25,5099,287,1761,,,,,,,,3,2,2,4,1,2,2,4,2,2,2,4,0,3,81.25,87.04,82.14,75.0,1,Colombia,,,4.5709,-74.2973,49648685,COL,CO,170,COU,,ChIJo5QVrjqkFY4RQKPy7wSaDZo,Colombia,CO,,COL
d9ccc2c9,2020-04-26,5336,305,1855,,,,,,,,3,2,2,4,1,2,2,4,2,2,2,4,0,3,81.25,87.04,82.14,75.0,1,Colombia,,,4.5709,-74.2973,49648685,COL,CO,170,COU,,ChIJo5QVrjqkFY4RQKPy7wSaDZo,Colombia,CO,,COL
d9ccc2c9,2020-04-27,5554,316,1944,,,,,,,,3,3,2,4,1,2,2,4,2,2,2,4,0,3,83.33,90.74,84.52,75.0,1,Colombia,,,4.5709,-74.2973,49648685,COL,CO,170,COU,,ChIJo5QVrjqkFY4RQKPy7wSaDZo,Colombia,CO,,COL
d9ccc2c9,2020-04-28,5908,329,2054,,,,,,,,3,3,2,4,1,2,2,4,2,2,2,4,0,3,83.33,90.74,84.52,75.0,1,Colombia,,,4.5709,-74.2973,49648685,COL,CO,170,COU,,ChIJo5QVrjqkFY4RQKPy7wSaDZo,Colombia,CO,,COL
d9ccc2c9,2020-04-29,6169,350,2181,,,,,,,,3,3,2,4,1,2,2,4,2,2,2,4,0,3,83.33,90.74,84.52,75.0,1,Colombia,,,4.5709,-74.2973,49648685,COL,CO,170,COU,,ChIJo5QVrjqkFY4RQKPy7wSaDZo,Colombia,CO,,COL
d9ccc2c9,2020-04-30,6465,376,2242,,,,,,,,3,3,2,4,1,2,2,4,2,2,2,4,0,3,83.33,90.74,84.52,75.0,1,Colombia,,,4.5709,-74.2973,49648685,COL,CO,170,COU,,ChIJo5QVrjqkFY4RQKPy7wSaDZo,Colombia,CO,,COL
d9ccc2c9,2020-05-01,6965,389,2354,,,,,,,,3,3,2,4,1,2,2,4,2,2,2,4,0,3,83.33,90.74,84.52,75.0,1,Colombia,,,4.5709,-74.2973,49648685,COL,CO,170,COU,,ChIJo5QVrjqkFY4RQKPy7wSaDZo,Colombia,CO,,COL
d9ccc2c9,2020-05-02,7242,410,2487,,,,,,,,3,3,2,4,1,2,2,4,2,2,2,4,0,3,83.33,90.74,84.52,75.0,1,Colombia,,,4.5709,-74.2973,49648685,COL,CO,170,COU,,ChIJo5QVrjqkFY4RQKPy7wSaDZo,Colombia,CO,,COL
d9ccc2c9,2020-05-03,7664,429,2586,,,,,,,,3,3,2,4,1,2,2,4,2,2,2,4,0,3,83.33,90.74,84.52,75.0,1,Colombia,,,4.5709,-74.2973,49648685,COL,CO,170,COU,,ChIJo5QVrjqkFY4RQKPy7wSaDZo,Colombia,CO,,COL
d9ccc2c9,2020-05-04,7971,450,2735,,,,,,,,3,3,2,4,1,2,2,4,2,2,2,4,0,3,83.33,90.74,84.52,75.0,1,Colombia,,,4.5709,-74.2973,49648685,COL,CO,170,COU,,ChIJo5QVrjqkFY4RQKPy7wSaDZo,Colombia,CO,,COL
d9ccc2c9,2020-05-05,8612,470,3028,,,,,,,,3,3,2,4,1,2,2,4,2,2,2,4,0,3,83.33,90.74,84.52,75.0,1,Colombia,,,4.5709,-74.2973,49648685,COL,CO,170,COU,,ChIJo5QVrjqkFY4RQKPy7wSaDZo,Colombia,CO,,COL
d9ccc2c9,2020-05-06,8959,495,3248,,,,,,,,3,2,2,4,1,2,2,4,2,2,2,4,0,3,81.25,87.04,82.14,75.0,1,Colombia,,,4.5709,-74.2973,49648685,COL,CO,170,COU,,ChIJo5QVrjqkFY4RQKPy7wSaDZo,Colombia,CO,,COL
d9ccc2c9,2020-05-07,9456,523,3404,,,,,,,,3,2,2,4,1,2,2,4,2,2,2,4,0,3,81.25,87.04,82.14,75.0,1,Colombia,,,4.5709,-74.2973,49648685,COL,CO,170,COU,,ChIJo5QVrjqkFY4RQKPy7wSaDZo,Colombia,CO,,COL
d9ccc2c9,2020-05-08,10050,545,3560,,,,,,,,3,2,2,4,1,2,2,4,2,2,2,4,0,3,81.25,87.04,82.14,75.0,1,Colombia,,,4.5709,-74.2973,49648685,COL,CO,170,COU,,ChIJo5QVrjqkFY4RQKPy7wSaDZo,Colombia,CO,,COL
d9ccc2c9,2020-05-09,10494,565,3761,,,,,,,,3,2,2,4,1,2,2,4,2,2,2,4,0,3,81.25,87.04,82.14,75.0,1,Colombia,,,4.5709,-74.2973,49648685,COL,CO,170,COU,,ChIJo5QVrjqkFY4RQKPy7wSaDZo,Colombia,CO,,COL
d9ccc2c9,2020-05-10,11062,584,3923,,,,,,,,3,2,2,4,1,2,2,4,2,2,2,4,0,3,81.25,87.04,82.14,75.0,1,Colombia,,,4.5709,-74.2973,49648685,COL,CO,170,COU,,ChIJo5QVrjqkFY4RQKPy7wSaDZo,Colombia,CO,,COL
d9ccc2c9,2020-05-11,11612,618,4166,,,,,,,,3,2,2,4,1,2,2,4,2,2,2,4,0,3,81.25,87.04,82.14,75.0,1,Colombia,,,4.5709,-74.2973,49648685,COL,CO,170,COU,,ChIJo5QVrjqkFY4RQKPy7wSaDZo,Colombia,CO,,COL
d9ccc2c9,2020-05-12,12270,631,4305,,,,,,,,3,2,2,4,1,2,2,4,2,2,2,4,0,3,81.25,87.04,82.14,75.0,1,Colombia,,,4.5709,-74.2973,49648685,COL,CO,170,COU,,ChIJo5QVrjqkFY4RQKPy7wSaDZo,Colombia,CO,,COL
d9ccc2c9,2020-05-13,12929,645,4535,,,,,,,,3,2,2,4,1,2,2,4,2,2,2,4,0,3,81.25,87.04,82.14,75.0,1,Colombia,,,4.5709,-74.2973,49648685,COL,CO,170,COU,,ChIJo5QVrjqkFY4RQKPy7wSaDZo,Colombia,CO,,COL
d9ccc2c9,2020-05-14,13609,668,4673,,,,,,,,3,2,2,4,1,2,2,4,2,2,2,4,0,3,81.25,87.04,82.14,75.0,1,Colombia,,,4.5709,-74.2973,49648685,COL,CO,170,COU,,ChIJo5QVrjqkFY4RQKPy7wSaDZo,Colombia,CO,,COL
d9ccc2c9,2020-05-15,14215,695,4881,,,,,,,,3,2,2,4,1,2,2,4,2,2,2,4,0,3,81.25,87.04,82.14,75.0,1,Colombia,,,4.5709,-74.2973,49648685,COL,CO,170,COU,,ChIJo5QVrjqkFY4RQKPy7wSaDZo,Colombia,CO,,COL
d9ccc2c9,2020-05-16,14938,715,5098,,,,,,,,3,2,2,4,1,2,2,4,2,2,2,4,0,3,81.25,87.04,82.14,75.0,1,Colombia,,,4.5709,-74.2973,49648685,COL,CO,170,COU,,ChIJo5QVrjqkFY4RQKPy7wSaDZo,Colombia,CO,,COL
d9ccc2c9,2020-05-17,15573,741,5249,,,,,,,,3,2,2,4,1,2,2,4,2,2,2,4,0,3,81.25,87.04,82.14,75.0,1,Colombia,,,4.5709,-74.2973,49648685,COL,CO,170,COU,,ChIJo5QVrjqkFY4RQKPy7wSaDZo,Colombia,CO,,COL
d9ccc2c9,2020-05-18,16294,769,5450,,,,,,,,3,2,2,4,1,2,2,4,2,2,2,4,0,3,81.25,87.04,82.14,75.0,1,Colombia,,,4.5709,-74.2973,49648685,COL,CO,170,COU,,ChIJo5QVrjqkFY4RQKPy7wSaDZo,Colombia,CO,,COL
d9ccc2c9,2020-05-19,16934,801,5648,,,,,,,,3,2,2,4,1,2,2,4,2,2,2,4,0,3,81.25,87.04,82.14,75.0,1,Colombia,,,4.5709,-74.2973,49648685,COL,CO,170,COU,,ChIJo5QVrjqkFY4RQKPy7wSaDZo,Colombia,CO,,COL
d9ccc2c9,2020-05-20,17686,833,5911,,,,,,,,3,2,2,4,1,2,2,4,2,2,2,4,0,3,81.25,87.04,82.14,75.0,1,Colombia,,,4.5709,-74.2973,49648685,COL,CO,170,COU,,ChIJo5QVrjqkFY4RQKPy7wSaDZo,Colombia,CO,,COL
d9ccc2c9,2020-05-21,18329,864,6197,,,,,,,,3,2,2,4,1,2,2,4,2,2,2,4,0,3,81.25,87.04,82.14,75.0,1,Colombia,,,4.5709,-74.2973,49648685,COL,CO,170,COU,,ChIJo5QVrjqkFY4RQKPy7wSaDZo,Colombia,CO,,COL
d9ccc2c9,2020-05-22,19130,910,6471,,,,,,,,3,2,2,4,1,2,2,4,2,2,2,4,0,3,81.25,87.04,82.14,75.0,1,Colombia,,,4.5709,-74.2973,49648685,COL,CO,170,COU,,ChIJo5QVrjqkFY4RQKPy7wSaDZo,Colombia,CO,,COL
d9ccc2c9,2020-05-23,20176,955,6692,,,,,,,,3,2,2,4,1,2,2,4,2,2,2,4,0,3,81.25,87.04,82.14,75.0,1,Colombia,,,4.5709,-74.2973,49648685,COL,CO,170,COU,,ChIJo5QVrjqkFY4RQKPy7wSaDZo,Colombia,CO,,COL
d9ccc2c9,2020-05-24,21174,997,7002,,,,,,,,3,2,2,4,1,2,2,4,2,2,2,4,0,3,81.25,87.04,82.14,75.0,1,Colombia,,,4.5709,-74.2973,49648685,COL,CO,170,COU,,ChIJo5QVrjqkFY4RQKPy7wSaDZo,Colombia,CO,,COL
d9ccc2c9,2020-05-25,21980,1025,7279,,,,,,,,3,2,2,4,1,2,2,4,2,2,2,4,0,3,81.25,87.04,82.14,75.0,1,Colombia,,,4.5709,-74.2973,49648685,COL,CO,170,COU,,ChIJo5QVrjqkFY4RQKPy7wSaDZo,Colombia,CO,,COL
d9ccc2c9,2020-05-26,23002,1077,7638,,,,,,,,3,2,2,4,1,2,2,4,2,2,2,4,0,3,81.25,87.04,82.14,75.0,1,Colombia,,,4.5709,-74.2973,49648685,COL,CO,170,COU,,ChIJo5QVrjqkFY4RQKPy7wSaDZo,Colombia,CO,,COL
d9ccc2c9,2020-05-27,24103,1118,7981,,,,,,,,3,2,2,4,1,2,2,4,2,2,2,4,0,3,81.25,87.04,82.14,75.0,1,Colombia,,,4.5709,-74.2973,49648685,COL,CO,170,COU,,ChIJo5QVrjqkFY4RQKPy7wSaDZo,Colombia,CO,,COL
d9ccc2c9,2020-05-28,25365,1162,8352,,,,,,,,3,2,2,4,1,2,2,4,2,2,2,4,0,3,81.25,87.04,82.14,75.0,1,Colombia,,,4.5709,-74.2973,49648685,COL,CO,170,COU,,ChIJo5QVrjqkFY4RQKPy7wSaDZo,Colombia,CO,,COL
d9ccc2c9,2020-05-29,26687,1215,8711,,,,,,,,3,2,2,4,1,2,2,4,2,2,2,4,0,3,81.25,87.04,82.14,75.0,1,Colombia,,,4.5709,-74.2973,49648685,COL,CO,170,COU,,ChIJo5QVrjqkFY4RQKPy7wSaDZo,Colombia,CO,,COL
d9ccc2c9,2020-05-30,28235,1269,8953,,,,,,,,3,2,2,4,1,2,2,4,2,2,2,4,0,3,81.25,87.04,82.14,75.0,1,Colombia,,,4.5709,-74.2973,49648685,COL,CO,170,COU,,ChIJo5QVrjqkFY4RQKPy7wSaDZo,Colombia,CO,,COL
d9ccc2c9,2020-05-31,29382,1320,10676,,,,,,,,3,2,2,4,1,2,2,4,2,2,2,4,0,3,81.25,87.04,82.14,75.0,1,Colombia,,,4.5709,-74.2973,49648685,COL,CO,170,COU,,ChIJo5QVrjqkFY4RQKPy7wSaDZo,Colombia,CO,,COL
d9ccc2c9,2020-06-01,30492,1375,11063,,,,,,,,3,2,2,4,1,2,2,4,2,2,2,4,0,3,81.25,87.04,82.14,75.0,1,Colombia,,,4.5709,-74.2973,49648685,COL,CO,170,COU,,ChIJo5QVrjqkFY4RQKPy7wSaDZo,Colombia,CO,,COL
d9ccc2c9,2020-06-02,31832,1437,12401,,,,,,,,3,2,2,4,1,2,2,4,2,2,2,4,0,3,81.25,87.04,82.14,75.0,1,Colombia,,,4.5709,-74.2973,49648685,COL,CO,170,COU,,ChIJo5QVrjqkFY4RQKPy7wSaDZo,Colombia,CO,,COL
d9ccc2c9,2020-06-03,33353,1524,13419,,,,,,,,3,2,2,4,1,2,2,4,2,2,2,4,0,3,81.25,87.04,82.14,75.0,1,Colombia,,,4.5709,-74.2973,49648685,COL,CO,170,COU,,ChIJo5QVrjqkFY4RQKPy7wSaDZo,Colombia,CO,,COL
d9ccc2c9,2020-06-04,35120,1589,14084,,,,,,,,3,2,2,4,1,2,2,4,2,2,2,4,0,3,81.25,87.04,82.14,75.0,1,Colombia,,,4.5709,-74.2973,49648685,COL,CO,170,COU,,ChIJo5QVrjqkFY4RQKPy7wSaDZo,Colombia,CO,,COL
d9ccc2c9,2020-06-05,36635,1669,14959,,,,,,,,3,2,2,4,1,2,2,4,2,2,2,4,0,3,81.25,87.04,82.14,75.0,1,Colombia,,,4.5709,-74.2973,49648685,COL,CO,170,COU,,ChIJo5QVrjqkFY4RQKPy7wSaDZo,Colombia,CO,,COL
d9ccc2c9,2020-06-06,38027,1740,15454,,,,,,,,3,2,2,4,1,2,2,4,2,2,2,4,0,3,81.25,87.04,82.14,75.0,1,Colombia,,,4.5709,-74.2973,49648685,COL,CO,170,COU,,ChIJo5QVrjqkFY4RQKPy7wSaDZo,Colombia,CO,,COL
d9ccc2c9,2020-06-07,39236,1818,16386,,,,,,,,3,2,2,4,1,2,2,4,2,2,2,4,0,3,81.25,87.04,82.14,75.0,1,Colombia,,,4.5709,-74.2973,49648685,COL,CO,170,COU,,ChIJo5QVrjqkFY4RQKPy7wSaDZo,Colombia,CO,,COL
d9ccc2c9,2020-06-08,40719,1896,17389,,,,,,,,3,2,2,4,1,2,2,4,2,2,2,4,0,3,81.25,87.04,82.14,75.0,1,Colombia,,,4.5709,-74.2973,49648685,COL,CO,170,COU,,ChIJo5QVrjqkFY4RQKPy7wSaDZo,Colombia,CO,,COL
d9ccc2c9,2020-06-09,42078,1980,17933,,,,,,,,3,2,2,4,1,2,2,4,2,2,2,4,0,3,81.25,87.04,82.14,75.0,1,Colombia,,,4.5709,-74.2973,49648685,COL,CO,170,COU,,ChIJo5QVrjqkFY4RQKPy7wSaDZo,Colombia,CO,,COL
d9ccc2c9,2020-06-10,43682,2058,18987,,,,,,,,3,2,2,4,1,2,2,4,2,2,2,4,0,3,81.25,87.04,82.14,75.0,1,Colombia,,,4.5709,-74.2973,49648685,COL,CO,170,COU,,ChIJo5QVrjqkFY4RQKPy7wSaDZo,Colombia,CO,,COL
d9ccc2c9,2020-06-11,45212,2142,19630,,,,,,,,3,2,2,4,1,2,2,4,2,2,2,4,0,3,81.25,87.04,82.14,75.0,1,Colombia,,,4.5709,-74.2973,49648685,COL,CO,170,COU,,ChIJo5QVrjqkFY4RQKPy7wSaDZo,Colombia,CO,,COL
d9ccc2c9,2020-06-12,46858,2229,20496,,,,,,,,3,2,2,4,1,2,2,4,2,2,2,4,0,3,81.25,87.04,82.14,75.0,1,Colombia,,,4.5709,-74.2973,49648685,COL,CO,170,COU,,ChIJo5QVrjqkFY4RQKPy7wSaDZo,Colombia,CO,,COL
d9ccc2c9,2020-06-13,48746,2315,21194,,,,,,,,3,2,2,4,1,2,2,4,2,2,2,4,0,3,81.25,87.04,82.14,75.0,1,Colombia,,,4.5709,-74.2973,49648685,COL,CO,170,COU,,ChIJo5QVrjqkFY4RQKPy7wSaDZo,Colombia,CO,,COL
d9ccc2c9,2020-06-14,50940,2437,21650,,,,,,,,3,2,2,4,1,2,2,4,2,2,2,4,0,3,81.25,87.04,82.14,75.0,1,Colombia,,,4.5709,-74.2973,49648685,COL,CO,170,COU,,ChIJo5QVrjqkFY4RQKPy7wSaDZo,Colombia,CO,,COL
d9ccc2c9,2020-06-15,53065,2544,21999,,,,,,,,3,2,2,4,1,2,2,4,2,2,2,4,0,3,81.25,87.04,82.14,75.0,1,Colombia,,,4.5709,-74.2973,49648685,COL,CO,170,COU,,ChIJo5QVrjqkFY4RQKPy7wSaDZo,Colombia,CO,,COL
d9ccc2c9,2020-06-16,54934,2663,22516,,,,,,,,3,2,2,4,1,2,2,4,2,2,2,4,0,3,81.25,87.04,82.14,75.0,1,Colombia,,,4.5709,-74.2973,49648685,COL,CO,170,COU,,ChIJo5QVrjqkFY4RQKPy7wSaDZo,Colombia,CO,,COL
d9ccc2c9,2020-06-17,57049,2780,23497,,,,,,,,3,2,2,4,1,2,2,4,2,2,2,4,0,3,81.25,87.04,82.14,75.0,1,Colombia,,,4.5709,-74.2973,49648685,COL,CO,170,COU,,ChIJo5QVrjqkFY4RQKPy7wSaDZo,Colombia,CO,,COL
d9ccc2c9,2020-06-18,60220,2917,24596,,,,,,,,3,2,2,4,1,2,2,4,2,2,2,4,0,3,81.25,87.04,82.14,75.0,1,Colombia,,,4.5709,-74.2973,49648685,COL,CO,170,COU,,ChIJo5QVrjqkFY4RQKPy7wSaDZo,Colombia,CO,,COL
d9ccc2c9,2020-06-19,63280,3036,25854,,,,,,,,3,2,2,4,1,2,2,4,2,2,2,4,0,3,81.25,87.04,82.14,75.0,1,Colombia,,,4.5709,-74.2973,49648685,COL,CO,170,COU,,ChIJo5QVrjqkFY4RQKPy7wSaDZo,Colombia,CO,,COL
d9ccc2c9,2020-06-20,65637,3162,27226,,,,,,,,3,2,2,4,1,2,2,4,2,2,2,4,0,3,81.25,87.04,82.14,75.0,1,Colombia,,,4.5709,-74.2973,49648685,COL,CO,170,COU,,ChIJo5QVrjqkFY4RQKPy7wSaDZo,Colombia,CO,,COL
d9ccc2c9,2020-06-21,68656,3312,28781,,,,,,,,3,2,2,4,1,2,2,4,2,2,2,4,0,3,81.25,87.04,82.14,75.0,1,Colombia,,,4.5709,-74.2973,49648685,COL,CO,170,COU,,ChIJo5QVrjqkFY4RQKPy7wSaDZo,Colombia,CO,,COL
d9ccc2c9,2020-06-22,71188,3461,30087,,,,,,,,3,2,2,4,1,2,2,4,2,2,2,4,0,3,81.25,87.04,82.14,75.0,1,Colombia,,,4.5709,-74.2973,49648685,COL,CO,170,COU,,ChIJo5QVrjqkFY4RQKPy7wSaDZo,Colombia,CO,,COL
d9ccc2c9,2020-06-23,73577,3606,31475,,,,,,,,3,2,2,4,1,2,2,4,2,2,2,4,0,3,81.25,87.04,82.14,75.0,1,Colombia,,,4.5709,-74.2973,49648685,COL,CO,170,COU,,ChIJo5QVrjqkFY4RQKPy7wSaDZo,Colombia,CO,,COL
d9ccc2c9,2020-06-24,77118,3760,33050,,,,,,,,3,2,2,4,1,2,2,4,2,2,2,4,0,3,81.25,87.04,82.14,75.0,1,Colombia,,,4.5709,-74.2973,49648685,COL,CO,170,COU,,ChIJo5QVrjqkFY4RQKPy7wSaDZo,Colombia,CO,,COL
d9ccc2c9,2020-06-25,80604,3911,34976,,,,,,,,3,2,2,4,1,2,2,4,2,2,2,4,0,3,81.25,87.04,82.14,75.0,1,Colombia,,,4.5709,-74.2973,49648685,COL,CO,170,COU,,ChIJo5QVrjqkFY4RQKPy7wSaDZo,Colombia,CO,,COL
d9ccc2c9,2020-06-26,84447,4062,36941,,,,,,,,3,2,2,4,1,2,2,4,2,2,2,4,0,3,81.25,87.04,82.14,75.0,1,Colombia,,,4.5709,-74.2973,49648685,COL,CO,170,COU,,ChIJo5QVrjqkFY4RQKPy7wSaDZo,Colombia,CO,,COL
d9ccc2c9,2020-06-27,88598,4216,38387,,,,,,,,3,2,2,4,1,2,2,4,2,2,2,4,0,3,81.25,87.04,82.14,75.0,1,Colombia,,,4.5709,-74.2973,49648685,COL,CO,170,COU,,ChIJo5QVrjqkFY4RQKPy7wSaDZo,Colombia,CO,,COL
d9ccc2c9,2020-06-28,91776,4365,40166,,,,,,,,3,2,2,4,1,2,2,4,2,2,2,4,0,3,81.25,87.04,82.14,75.0,1,Colombia,,,4.5709,-74.2973,49648685,COL,CO,170,COU,,ChIJo5QVrjqkFY4RQKPy7wSaDZo,Colombia,CO,,COL
d9ccc2c9,2020-06-29,95050,4530,41902,,,,,,,,3,2,2,4,1,2,2,4,2,2,2,4,0,3,81.25,87.04,82.14,75.0,1,Colombia,,,4.5709,-74.2973,49648685,COL,CO,170,COU,,ChIJo5QVrjqkFY4RQKPy7wSaDZo,Colombia,CO,,COL
d9ccc2c9,2020-06-30,97853,4696,44049,,,,,,,,3,2,2,4,1,2,2,4,2,2,2,4,0,3,81.25,87.04,82.14,75.0,1,Colombia,,,4.5709,-74.2973,49648685,COL,CO,170,COU,,ChIJo5QVrjqkFY4RQKPy7wSaDZo,Colombia,CO,,COL
d9ccc2c9,2020-07-01,102016,4858,45684,,,,,,,,3,2,2,4,1,2,2,4,2,2,2,4,0,3,81.25,87.04,82.14,75.0,1,Colombia,,,4.5709,-74.2973,49648685,COL,CO,170,COU,,ChIJo5QVrjqkFY4RQKPy7wSaDZo,Colombia,CO,,COL
d9ccc2c9,2020-07-02,106117,5038,47056,,,,,,,,3,2,2,4,1,2,2,4,2,2,2,4,0,3,81.25,87.04,82.14,75.0,1,Colombia,,,4.5709,-74.2973,49648685,COL,CO,170,COU,,ChIJo5QVrjqkFY4RQKPy7wSaDZo,Colombia,CO,,COL
d9ccc2c9,2020-07-03,109511,5231,48417,,,,,,,,3,2,2,4,1,2,2,4,2,2,2,4,0,3,81.25,87.04,82.14,75.0,1,Colombia,,,4.5709,-74.2973,49648685,COL,CO,170,COU,,ChIJo5QVrjqkFY4RQKPy7wSaDZo,Colombia,CO,,COL
d9ccc2c9,2020-07-04,113402,5389,49883,,,,,,,,3,2,2,4,1,2,2,4,2,2,2,4,0,3,81.25,87.04,82.14,75.0,1,Colombia,,,4.5709,-74.2973,49648685,COL,CO,170,COU,,ChIJo5QVrjqkFY4RQKPy7wSaDZo,Colombia,CO,,COL
d9ccc2c9,2020-07-05,117124,5574,51202,,,,,,,,3,2,2,4,1,2,2,4,2,2,2,4,0,3,81.25,87.04,82.14,75.0,1,Colombia,,,4.5709,-74.2973,49648685,COL,CO,170,COU,,ChIJo5QVrjqkFY4RQKPy7wSaDZo,Colombia,CO,,COL
d9ccc2c9,2020-07-06,120294,5780,53818,,,,,,,,3,2,2,4,1,2,2,4,2,2,2,4,0,3,81.25,87.04,82.14,75.0,1,Colombia,,,4.5709,-74.2973,49648685,COL,CO,170,COU,,ChIJo5QVrjqkFY4RQKPy7wSaDZo,Colombia,CO,,COL
d9ccc2c9,2020-07-07,124507,6008,55799,,,,,,,,3,2,2,4,1,2,2,4,2,2,2,4,0,3,81.25,87.04,82.14,75.0,1,Colombia,,,4.5709,-74.2973,49648685,COL,CO,170,COU,,ChIJo5QVrjqkFY4RQKPy7wSaDZo,Colombia,CO,,COL
d9ccc2c9,2020-07-08,128651,6215,57765,,,,,,,,3,2,2,4,1,2,2,4,2,2,2,4,0,3,81.25,87.04,82.14,75.0,1,Colombia,,,4.5709,-74.2973,49648685,COL,CO,170,COU,,ChIJo5QVrjqkFY4RQKPy7wSaDZo,Colombia,CO,,COL
d9ccc2c9,2020-07-09,133988,6439,60345,,,,,,,,3,2,2,4,1,2,2,4,2,2,2,4,0,3,81.25,87.04,82.14,75.0,1,Colombia,,,4.5709,-74.2973,49648685,COL,CO,170,COU,,ChIJo5QVrjqkFY4RQKPy7wSaDZo,Colombia,CO,,COL
d9ccc2c9,2020-07-10,140789,6655,63123,,,,,,,,3,2,2,4,1,2,2,4,2,2,2,4,0,3,81.25,87.04,82.14,75.0,1,Colombia,,,4.5709,-74.2973,49648685,COL,CO,170,COU,,ChIJo5QVrjqkFY4RQKPy7wSaDZo,Colombia,CO,,COL
d9ccc2c9,2020-07-11,145375,6883,65446,,,,,,,,3,2,2,4,1,2,2,4,2,2,2,4,0,3,81.25,87.04,82.14,75.0,1,Colombia,,,4.5709,-74.2973,49648685,COL,CO,170,COU,,ChIJo5QVrjqkFY4RQKPy7wSaDZo,Colombia,CO,,COL
d9ccc2c9,2020-07-12,150459,7106,67336,,,,,,,,3,2,2,4,1,2,2,4,2,2,2,4,0,3,81.25,87.04,82.14,75.0,1,Colombia,,,4.5709,-74.2973,49648685,COL,CO,170,COU,,ChIJo5QVrjqkFY4RQKPy7wSaDZo,Colombia,CO,,COL
d9ccc2c9,2020-07-13,154291,7374,69850,,,,,,,,3,2,2,4,1,2,2,4,2,2,2,4,0,3,81.25,87.04,82.14,75.0,1,Colombia,,,4.5709,-74.2973,49648685,COL,CO,170,COU,,ChIJo5QVrjqkFY4RQKPy7wSaDZo,Colombia,CO,,COL
d9ccc2c9,2020-07-14,159913,7612,72532,,,,,,,,3,-3,2,4,1,-2,2,4,2,2,2,4,0,3,81.25,87.04,82.14,75.0,1,Colombia,,,4.5709,-74.2973,49648685,COL,CO,170,COU,,ChIJo5QVrjqkFY4RQKPy7wSaDZo,Colombia,CO,,COL
d9ccc2c9,2020-07-15,165184,7870,75495,,,,,,,,3,-3,2,4,1,-2,2,4,2,2,2,4,0,3,81.25,87.04,82.14,75.0,1,Colombia,,,4.5709,-74.2973,49648685,COL,CO,170,COU,,ChIJo5QVrjqkFY4RQKPy7wSaDZo,Colombia,CO,,COL
d9ccc2c9,2020-07-16,173221,8128,79016,,,,,,,,3,-3,2,4,1,-2,2,4,2,2,2,4,0,-3,80.21,87.04,80.95,75.0,1,Colombia,,,4.5709,-74.2973,49648685,COL,CO,170,COU,,ChIJo5QVrjqkFY4RQKPy7wSaDZo,Colombia,CO,,COL
d9ccc2c9,2020-07-17,182149,8432,82722,,,,,,,,3,-3,2,4,1,-2,2,4,2,2,2,4,0,-3,80.21,87.04,80.95,75.0,1,Colombia,,,4.5709,-74.2973,49648685,COL,CO,170,COU,,ChIJo5QVrjqkFY4RQKPy7wSaDZo,Colombia,CO,,COL
d9ccc2c9,2020-07-18,190709,8711,87127,,,,,,,,3,-3,2,4,1,-2,2,4,2,2,2,4,0,-3,80.21,87.04,80.95,75.0,1,Colombia,,,4.5709,-74.2973,49648685,COL,CO,170,COU,,ChIJo5QVrjqkFY4RQKPy7wSaDZo,Colombia,CO,,COL
d9ccc2c9,2020-07-19,197287,8979,91424,,,,,,,,3,-3,2,4,1,-2,2,4,2,2,2,4,0,-3,80.21,87.04,80.95,75.0,1,Colombia,,,4.5709,-74.2973,49648685,COL,CO,170,COU,,ChIJo5QVrjqkFY4RQKPy7wSaDZo,Colombia,CO,,COL
d9ccc2c9,2020-07-20,204013,9256,94500,,,,,,,,3,-3,2,4,1,-2,2,4,2,2,2,4,0,-3,80.21,87.04,80.95,75.0,1,Colombia,,,4.5709,-74.2973,49648685,COL,CO,170,COU,,ChIJo5QVrjqkFY4RQKPy7wSaDZo,Colombia,CO,,COL
d9ccc2c9,2020-07-21,211044,9594,97095,,,,,,,,3,-3,2,4,1,-2,2,4,2,2,2,4,0,-3,80.21,87.04,80.95,75.0,1,Colombia,,,4.5709,-74.2973,49648685,COL,CO,170,COU,,ChIJo5QVrjqkFY4RQKPy7wSaDZo,Colombia,CO,,COL
d9ccc2c9,2020-07-22,218435,9910,99316,,,,,,,,3,-3,2,4,1,-2,2,4,2,2,2,4,0,-3,80.21,87.04,80.95,75.0,1,Colombia,,,4.5709,-74.2973,49648685,COL,CO,170,COU,,ChIJo5QVrjqkFY4RQKPy7wSaDZo,Colombia,CO,,COL
d9ccc2c9,2020-07-23,226380,10232,104212,,,,,,,,3,-3,2,4,1,-2,2,4,2,2,2,4,0,-3,80.21,87.04,80.95,75.0,1,Colombia,,,4.5709,-74.2973,49648685,COL,CO,170,COU,,ChIJo5QVrjqkFY4RQKPy7wSaDZo,Colombia,CO,,COL
d9ccc2c9,2020-07-24,233548,10560,108909,,,,,,,,3,-3,2,4,1,-2,2,4,2,2,2,4,0,-3,80.21,87.04,80.95,75.0,1,Colombia,,,4.5709,-74.2973,49648685,COL,CO,170,COU,,ChIJo5QVrjqkFY4RQKPy7wSaDZo,Colombia,CO,,COL
d9ccc2c9,2020-07-25,240802,10864,114447,,,,,,,,3,-3,2,4,1,-2,2,4,2,2,2,4,0,-3,80.21,87.04,80.95,75.0,1,Colombia,,,4.5709,-74.2973,49648685,COL,CO,170,COU,,ChIJo5QVrjqkFY4RQKPy7wSaDZo,Colombia,CO,,COL
d9ccc2c9,2020-07-26,248983,11182,118783,,,,,,,,3,-3,2,4,1,-2,2,4,2,2,2,4,0,-3,80.21,87.04,80.95,75.0,1,Colombia,,,4.5709,-74.2973,49648685,COL,CO,170,COU,,ChIJo5QVrjqkFY4RQKPy7wSaDZo,Colombia,CO,,COL
d9ccc2c9,2020-07-27,257109,11522,125723,,,,,,,,3,-3,2,4,1,-2,2,4,2,2,2,4,0,-3,80.21,87.04,80.95,75.0,1,Colombia,,,4.5709,-74.2973,49648685,COL,CO,170,COU,,ChIJo5QVrjqkFY4RQKPy7wSaDZo,Colombia,CO,,COL
d9ccc2c9,2020-07-28,267393,11865,131915,,,,,,,,3,-3,2,4,1,-2,2,4,2,2,2,4,0,-3,80.21,87.04,80.95,75.0,1,Colombia,,,4.5709,-74.2973,49648685,COL,CO,170,COU,,ChIJo5QVrjqkFY4RQKPy7wSaDZo,Colombia,CO,,COL
d9ccc2c9,2020-07-29,276063,12218,138011,,,,,,,,3,-3,2,4,1,-2,2,4,2,2,2,4,0,-3,80.21,87.04,80.95,75.0,1,Colombia,,,4.5709,-74.2973,49648685,COL,CO,170,COU,,ChIJo5QVrjqkFY4RQKPy7wSaDZo,Colombia,CO,,COL
d9ccc2c9,2020-07-30,286027,12602,143928,,,,,,,,3,-3,2,4,1,-2,2,4,2,2,2,4,0,-3,80.21,87.04,80.95,75.0,1,Colombia,,,4.5709,-74.2973,49648685,COL,CO,170,COU,,ChIJo5QVrjqkFY4RQKPy7wSaDZo,Colombia,CO,,COL
d9ccc2c9,2020-07-31,295516,12961,149799,,,,,,,,3,-3,2,4,1,-2,2,4,2,2,2,4,0,-3,80.21,87.04,80.95,75.0,1,Colombia,,,4.5709,-74.2973,49648685,COL,CO,170,COU,,ChIJo5QVrjqkFY4RQKPy7wSaDZo,Colombia,CO,,COL
d9ccc2c9,2020-08-01,306189,13290,156492,1611190,,,,,,,3,-3,2,4,1,-2,2,4,2,2,2,4,0,-3,80.21,87.04,80.95,75.0,1,Colombia,,,4.5709,-74.2973,49648685,COL,CO,170,COU,,ChIJo5QVrjqkFY4RQKPy7wSaDZo,Colombia,CO,,COL
d9ccc2c9,2020-08-02,317659,13616,162493,1649548,,,,,,,3,-3,2,4,1,-2,2,4,2,2,2,4,0,-3,80.21,87.04,80.95,75.0,1,Colombia,,,4.5709,-74.2973,49648685,COL,CO,170,COU,,ChIJo5QVrjqkFY4RQKPy7wSaDZo,Colombia,CO,,COL
d9ccc2c9,2020-08-03,327857,13985,168577,1688112,,,,,,,3,-3,2,4,1,-2,2,4,2,2,2,4,0,-3,80.21,87.04,80.95,75.0,1,Colombia,,,4.5709,-74.2973,49648685,COL,CO,170,COU,,ChIJo5QVrjqkFY4RQKPy7wSaDZo,Colombia,CO,,COL
d9ccc2c9,2020-08-04,334986,14310,174775,1727367,,,,,,,3,-3,2,4,1,-2,2,4,2,2,2,4,0,-3,80.21,87.04,80.95,75.0,1,Colombia,,,4.5709,-74.2973,49648685,COL,CO,170,COU,,ChIJo5QVrjqkFY4RQKPy7wSaDZo,Colombia,CO,,COL
d9ccc2c9,2020-08-05,345720,14646,180294,1767915,,,,,,,3,-3,2,4,1,-2,2,4,2,2,2,4,0,-3,80.21,87.04,80.95,75.0,1,Colombia,,,4.5709,-74.2973,49648685,COL,CO,170,COU,,ChIJo5QVrjqkFY4RQKPy7wSaDZo,Colombia,CO,,COL
d9ccc2c9,2020-08-06,357716,14991,185784,1810782,,,,,,,3,-3,2,4,1,-2,2,4,2,2,2,4,0,-3,80.21,87.04,80.95,75.0,1,Colombia,,,4.5709,-74.2973,49648685,COL,CO,170,COU,,ChIJo5QVrjqkFY4RQKPy7wSaDZo,Colombia,CO,,COL
d9ccc2c9,2020-08-07,367200,15343,191350,1864069,,,,,,,3,-3,2,4,1,-2,2,4,2,2,2,4,0,-3,80.21,87.04,80.95,75.0,1,Colombia,,,4.5709,-74.2973,49648685,COL,CO,170,COU,,ChIJo5QVrjqkFY4RQKPy7wSaDZo,Colombia,CO,,COL
d9ccc2c9,2020-08-08,376875,15726,196852,1902307,,,,,,,3,-3,2,4,1,-2,2,4,2,2,2,4,0,-3,80.21,87.04,80.95,75.0,1,Colombia,,,4.5709,-74.2973,49648685,COL,CO,170,COU,,ChIJo5QVrjqkFY4RQKPy7wSaDZo,Colombia,CO,,COL
d9ccc2c9,2020-08-09,387485,16073,204229,1925588,,,,,,,3,-3,2,4,1,-2,2,4,2,2,2,4,0,-3,80.21,87.04,80.95,75.0,1,Colombia,,,4.5709,-74.2973,49648685,COL,CO,170,COU,,ChIJo5QVrjqkFY4RQKPy7wSaDZo,Colombia,CO,,COL
d9ccc2c9,2020-08-10,397628,16401,211774,1961006,,,,,,,3,-3,2,4,1,-2,2,4,2,2,2,4,0,-3,80.21,87.04,80.95,75.0,1,Colombia,,,4.5709,-74.2973,49648685,COL,CO,170,COU,,ChIJo5QVrjqkFY4RQKPy7wSaDZo,Colombia,CO,,COL
d9ccc2c9,2020-08-11,410458,16754,220036,2004383,,,,,,,3,-3,2,4,1,-2,2,4,2,2,2,4,0,-3,80.21,87.04,80.95,75.0,1,Colombia,,,4.5709,-74.2973,49648685,COL,CO,170,COU,,ChIJo5QVrjqkFY4RQKPy7wSaDZo,Colombia,CO,,COL
d9ccc2c9,2020-08-12,422522,17055,228761,2051465,,,,,,,3,-3,2,4,1,-2,2,4,2,2,2,4,0,-3,80.21,87.04,80.95,75.0,1,Colombia,,,4.5709,-74.2973,49648685,COL,CO,170,COU,,ChIJo5QVrjqkFY4RQKPy7wSaDZo,Colombia,CO,,COL
d9ccc2c9,2020-08-13,433809,17402,238577,2095545,,,,,,,3,-3,2,4,1,-2,2,4,2,2,2,4,0,-3,80.21,87.04,80.95,75.0,1,Colombia,,,4.5709,-74.2973,49648685,COL,CO,170,COU,,ChIJo5QVrjqkFY4RQKPy7wSaDZo,Colombia,CO,,COL
d9ccc2c9,2020-08-14,445115,17703,248280,2141789,,,,,,,3,-3,2,4,1,-2,2,4,2,2,2,4,0,-3,80.21,87.04,80.95,75.0,1,Colombia,,,4.5709,-74.2973,49648685,COL,CO,170,COU,,ChIJo5QVrjqkFY4RQKPy7wSaDZo,Colombia,CO,,COL
d9ccc2c9,2020-08-15,456693,18010,260554,2184713,,,,,,,3,-3,2,4,1,-2,2,4,2,2,2,4,0,-3,80.21,87.04,80.95,75.0,1,Colombia,,,4.5709,-74.2973,49648685,COL,CO,170,COU,,ChIJo5QVrjqkFY4RQKPy7wSaDZo,Colombia,CO,,COL
d9ccc2c9,2020-08-16,468337,18316,272236,2225388,,,,,,,3,-3,2,4,1,-2,2,4,2,2,2,4,0,-3,80.21,87.04,80.95,75.0,1,Colombia,,,4.5709,-74.2973,49648685,COL,CO,170,COU,,ChIJo5QVrjqkFY4RQKPy7wSaDZo,Colombia,CO,,COL
d9ccc2c9,2020-08-17,476664,18618,285378,2259743,,,,,,,3,-3,2,4,1,-2,2,4,2,2,2,4,0,-3,80.21,87.04,80.95,75.0,1,Colombia,,,4.5709,-74.2973,49648685,COL,CO,170,COU,,ChIJo5QVrjqkFY4RQKPy7wSaDZo,Colombia,CO,,COL
d9ccc2c9,2020-08-18,489127,18941,295286,2299226,,,,,,,3,-3,2,4,1,-2,2,4,2,2,2,4,0,-3,80.21,87.04,80.95,75.0,1,Colombia,,,4.5709,-74.2973,49648685,COL,CO,170,COU,,ChIJo5QVrjqkFY4RQKPy7wSaDZo,Colombia,CO,,COL
d9ccc2c9,2020-08-19,502181,19276,307959,2337241,,,,,,,3,-3,2,4,1,-2,2,4,2,2,2,4,0,-3,80.21,87.04,80.95,75.0,1,Colombia,,,4.5709,-74.2973,49648685,COL,CO,170,COU,,ChIJo5QVrjqkFY4RQKPy7wSaDZo,Colombia,CO,,COL
d9ccc2c9,2020-08-20,513722,19576,320106,2374898,,,,,,,3,-3,2,4,1,-2,2,4,2,2,2,4,0,-3,80.21,87.04,80.95,75.0,1,Colombia,,,4.5709,-74.2973,49648685,COL,CO,170,COU,,ChIJo5QVrjqkFY4RQKPy7wSaDZo,Colombia,CO,,COL
d9ccc2c9,2020-08-21,522141,19896,329414,2409706,,,,,,,3,-3,2,4,1,-2,2,4,2,2,2,4,0,-3,80.21,87.04,80.95,75.0,1,Colombia,,,4.5709,-74.2973,49648685,COL,CO,170,COU,,ChIJo5QVrjqkFY4RQKPy7wSaDZo,Colombia,CO,,COL
d9ccc2c9,2020-08-22,533106,20175,339594,2450441,,,,,,,3,-3,2,4,1,-2,2,4,2,2,2,4,0,-3,80.21,87.04,80.95,75.0,1,Colombia,,,4.5709,-74.2973,49648685,COL,CO,170,COU,,ChIJo5QVrjqkFY4RQKPy7wSaDZo,Colombia,CO,,COL
d9ccc2c9,2020-08-23,541150,20453,352648,2474417,,,,,,,3,-3,2,4,1,-2,2,4,2,2,2,4,0,-3,80.21,87.04,80.95,75.0,1,Colombia,,,4.5709,-74.2973,49648685,COL,CO,170,COU,,ChIJo5QVrjqkFY4RQKPy7wSaDZo,Colombia,CO,,COL
d9ccc2c9,2020-08-24,551696,20749,362537,2508972,,,,,,,3,-3,2,4,1,-2,2,4,2,2,2,4,0,-3,80.21,87.04,80.95,75.0,1,Colombia,,,4.5709,-74.2973,49648685,COL,CO,170,COU,,ChIJo5QVrjqkFY4RQKPy7wSaDZo,Colombia,CO,,COL
d9ccc2c9,2020-08-25,562129,21046,373576,2546147,,,,,,,3,-3,2,4,1,-2,2,4,2,2,2,4,0,-3,80.21,87.04,80.95,75.0,1,Colombia,,,4.5709,-74.2973,49648685,COL,CO,170,COU,,ChIJo5QVrjqkFY4RQKPy7wSaDZo,Colombia,CO,,COL
d9ccc2c9,2020-08-26,572272,21313,384567,2582612,,,,,,,3,-3,2,4,1,-2,2,4,2,2,2,4,0,-3,80.21,87.04,80.95,75.0,1,Colombia,,,4.5709,-74.2973,49648685,COL,CO,170,COU,,ChIJo5QVrjqkFY4RQKPy7wSaDZo,Colombia,CO,,COL
d9ccc2c9,2020-08-27,582025,21621,394780,2619712,,,,,,,3,-3,2,4,1,-2,2,4,2,2,2,4,0,-3,80.21,87.04,80.95,75.0,1,Colombia,,,4.5709,-74.2973,49648685,COL,CO,170,COU,,ChIJo5QVrjqkFY4RQKPy7wSaDZo,Colombia,CO,,COL
d9ccc2c9,2020-08-28,590524,21914,406229,2654983,,,,,,,3,-3,2,4,1,-2,2,4,2,2,2,4,0,-3,80.21,87.04,80.95,75.0,1,Colombia,,,4.5709,-74.2973,49648685,COL,CO,170,COU,,ChIJo5QVrjqkFY4RQKPy7wSaDZo,Colombia,CO,,COL
d9ccc2c9,2020-08-29,599918,22196,416621,2685355,,,,,,,3,-3,2,4,1,-2,2,4,2,2,2,4,0,-3,80.21,87.04,80.95,75.0,1,Colombia,,,4.5709,-74.2973,49648685,COL,CO,170,COU,,ChIJo5QVrjqkFY4RQKPy7wSaDZo,Colombia,CO,,COL
d9ccc2c9,2020-08-30,607942,22421,426074,2715591,,,,,,,3,-3,2,4,1,-2,2,4,2,2,2,4,0,-3,80.21,87.04,80.95,75.0,1,Colombia,,,4.5709,-74.2973,49648685,COL,CO,170,COU,,ChIJo5QVrjqkFY4RQKPy7wSaDZo,Colombia,CO,,COL
d9ccc2c9,2020-08-31,615177,22687,434270,2746217,,,,,,,3,-3,2,4,1,-2,2,4,2,2,2,4,0,-3,80.21,87.04,80.95,75.0,1,Colombia,,,4.5709,-74.2973,49648685,COL,CO,170,COU,,ChIJo5QVrjqkFY4RQKPy7wSaDZo,Colombia,CO,,COL
d9ccc2c9,2020-09-01,624078,22948,443803,2777107,,,,,,,3,1,2,3,1,1,1,4,2,2,0,1,0,-3,60.42,71.3,58.33,75.0,1,Colombia,,,4.5709,-74.2973,49648685,COL,CO,170,COU,,ChIJo5QVrjqkFY4RQKPy7wSaDZo,Colombia,CO,,COL
d9ccc2c9,2020-09-02,633346,23206,453057,2803924,,,,,,,3,1,2,3,1,1,1,4,2,2,0,1,0,-3,60.42,71.3,58.33,75.0,1,Colombia,,,4.5709,-74.2973,49648685,COL,CO,170,COU,,ChIJo5QVrjqkFY4RQKPy7wSaDZo,Colombia,CO,,COL
d9ccc2c9,2020-09-03,641583,23454,462161,2838013,,,,,,,3,1,2,3,1,1,1,4,2,2,0,1,0,-3,60.42,71.3,58.33,75.0,1,Colombia,,,4.5709,-74.2973,49648685,COL,CO,170,COU,,ChIJo5QVrjqkFY4RQKPy7wSaDZo,Colombia,CO,,COL
d9ccc2c9,2020-09-04,650071,23712,470759,2874026,,,,,,,3,1,2,3,1,1,1,4,2,2,0,1,0,-3,60.42,71.3,58.33,75.0,1,Colombia,,,4.5709,-74.2973,49648685,COL,CO,170,COU,,ChIJo5QVrjqkFY4RQKPy7wSaDZo,Colombia,CO,,COL
d9ccc2c9,2020-09-05,658465,23955,479238,2906270,,,,,,,3,1,2,3,1,1,1,4,2,2,0,1,0,-3,60.42,71.3,58.33,75.0,1,Colombia,,,4.5709,-74.2973,49648685,COL,CO,170,COU,,ChIJo5QVrjqkFY4RQKPy7wSaDZo,Colombia,CO,,COL
d9ccc2c9,2020-09-06,666531,24193,488977,2934106,,,,,,,3,1,2,3,1,1,1,4,2,2,0,1,0,-3,60.42,71.3,58.33,75.0,1,Colombia,,,4.5709,-74.2973,49648685,COL,CO,170,COU,,ChIJo5QVrjqkFY4RQKPy7wSaDZo,Colombia,CO,,COL
d9ccc2c9,2020-09-07,671858,24438,499447,2964722,,,,,,,3,1,2,3,1,1,1,4,2,2,0,1,0,-3,60.42,71.3,58.33,75.0,1,Colombia,,,4.5709,-74.2973,49648685,COL,CO,170,COU,,ChIJo5QVrjqkFY4RQKPy7wSaDZo,Colombia,CO,,COL
d9ccc2c9,2020-09-08,679522,24678,510445,2996911,,,,,,,3,1,2,3,1,1,1,4,2,2,0,1,0,-3,60.42,71.3,58.33,75.0,1,Colombia,,,4.5709,-74.2973,49648685,COL,CO,170,COU,,ChIJo5QVrjqkFY4RQKPy7wSaDZo,Colombia,CO,,COL
d9ccc2c9,2020-09-09,686859,24894,521136,3028754,,,,,,,3,1,2,3,1,1,1,4,2,2,0,1,0,-3,60.42,71.3,58.33,75.0,1,Colombia,,,4.5709,-74.2973,49648685,COL,CO,170,COU,,ChIJo5QVrjqkFY4RQKPy7wSaDZo,Colombia,CO,,COL
d9ccc2c9,2020-09-10,694671,25116,536453,3062852,,,,,,,3,1,2,3,1,1,1,4,2,2,0,1,0,-3,60.42,71.3,58.33,75.0,1,Colombia,,,4.5709,-74.2973,49648685,COL,CO,170,COU,,ChIJo5QVrjqkFY4RQKPy7wSaDZo,Colombia,CO,,COL
d9ccc2c9,2020-09-11,702096,25345,548806,3100659,,,,,,,3,1,2,3,1,1,1,4,2,2,0,1,0,-3,60.42,71.3,58.33,75.0,1,Colombia,,,4.5709,-74.2973,49648685,COL,CO,170,COU,,ChIJo5QVrjqkFY4RQKPy7wSaDZo,Colombia,CO,,COL
d9ccc2c9,2020-09-12,708972,25563,558065,3132861,,,,,,,3,1,2,3,1,1,1,4,2,2,0,1,0,-3,60.42,71.3,58.33,75.0,1,Colombia,,,4.5709,-74.2973,49648685,COL,CO,170,COU,,ChIJo5QVrjqkFY4RQKPy7wSaDZo,Colombia,CO,,COL
d9ccc2c9,2020-09-13,716327,25775,564088,3164001,,,,,,,3,1,2,3,1,1,1,4,2,2,0,1,0,-3,60.42,71.3,58.33,75.0,1,Colombia,,,4.5709,-74.2973,49648685,COL,CO,170,COU,,ChIJo5QVrjqkFY4RQKPy7wSaDZo,Colombia,CO,,COL
d9ccc2c9,2020-09-14,721901,25994,571162,3194202,,,,,,,3,1,2,3,1,1,1,4,2,2,0,1,0,-3,60.42,71.3,58.33,75.0,1,Colombia,,,4.5709,-74.2973,49648685,COL,CO,170,COU,,ChIJo5QVrjqkFY4RQKPy7wSaDZo,Colombia,CO,,COL
d9ccc2c9,2020-09-15,728600,26200,572232,3208519,,,,,,,3,1,2,3,1,1,1,4,2,2,0,1,0,-3,60.42,71.3,58.33,75.0,1,Colombia,,,4.5709,-74.2973,49648685,COL,CO,170,COU,,ChIJo5QVrjqkFY4RQKPy7wSaDZo,Colombia,CO,,COL
d9ccc2c9,2020-09-16,736387,26417,574213,3240436,,,,,,,3,1,2,3,1,1,1,4,2,2,0,1,0,-3,60.42,71.3,58.33,75.0,1,Colombia,,,4.5709,-74.2973,49648685,COL,CO,170,COU,,ChIJo5QVrjqkFY4RQKPy7wSaDZo,Colombia,CO,,COL
d9ccc2c9,2020-09-17,743955,26638,579326,3298484,,,,,,,3,1,2,3,1,1,1,4,2,2,0,1,0,-3,60.42,71.3,58.33,75.0,1,Colombia,,,4.5709,-74.2973,49648685,COL,CO,170,COU,,ChIJo5QVrjqkFY4RQKPy7wSaDZo,Colombia,CO,,COL
d9ccc2c9,2020-09-18,750482,26831,584975,3332273,,,,,,,3,1,2,3,1,1,1,4,2,2,0,1,0,-3,60.42,71.3,58.33,75.0,1,Colombia,,,4.5709,-74.2973,49648685,COL,CO,170,COU,,ChIJo5QVrjqkFY4RQKPy7wSaDZo,Colombia,CO,,COL
d9ccc2c9,2020-09-19,758409,27051,590759,3364578,,,,,,,3,1,2,3,1,1,1,4,2,2,0,1,0,-3,60.42,71.3,58.33,75.0,1,Colombia,,,4.5709,-74.2973,49648685,COL,CO,170,COU,,ChIJo5QVrjqkFY4RQKPy7wSaDZo,Colombia,CO,,COL
d9ccc2c9,2020-09-20,765087,27225,596209,3393712,,,,,,,3,1,2,3,1,1,1,4,2,2,0,1,0,-3,60.42,71.3,58.33,75.0,1,Colombia,,,4.5709,-74.2973,49648685,COL,CO,170,COU,,ChIJo5QVrjqkFY4RQKPy7wSaDZo,Colombia,CO,,COL
d9ccc2c9,2020-09-21,770446,27458,603879,3424617,,,,,,,3,1,2,3,1,1,1,4,2,2,0,1,0,-3,60.42,71.3,58.33,75.0,1,Colombia,,,4.5709,-74.2973,49648685,COL,CO,170,COU,,ChIJo5QVrjqkFY4RQKPy7wSaDZo,Colombia,CO,,COL
d9ccc2c9,2020-09-22,777549,27663,614065,3460807,,,,,,,3,1,2,3,1,1,1,4,2,2,0,1,0,1,57.29,71.3,54.76,75.0,1,Colombia,,,4.5709,-74.2973,49648685,COL,CO,170,COU,,ChIJo5QVrjqkFY4RQKPy7wSaDZo,Colombia,CO,,COL
d9ccc2c9,2020-09-23,784279,27860,625296,3499360,,,,,,,3,1,2,3,1,1,1,4,2,2,0,1,0,1,57.29,71.3,54.76,75.0,1,Colombia,,,4.5709,-74.2973,49648685,COL,CO,170,COU,,ChIJo5QVrjqkFY4RQKPy7wSaDZo,Colombia,CO,,COL
d9ccc2c9,2020-09-24,790835,28053,637411,3534913,,,,,,,3,1,2,3,1,1,1,4,2,2,0,1,0,1,57.29,71.3,54.76,75.0,1,Colombia,,,4.5709,-74.2973,49648685,COL,CO,170,COU,,ChIJo5QVrjqkFY4RQKPy7wSaDZo,Colombia,CO,,COL
d9ccc2c9,2020-09-25,798330,28241,649327,3571266,,,,,,,3,1,2,3,1,1,1,4,2,2,0,1,0,1,57.29,71.3,54.76,75.0,1,Colombia,,,4.5709,-74.2973,49648685,COL,CO,170,COU,,ChIJo5QVrjqkFY4RQKPy7wSaDZo,Colombia,CO,,COL
d9ccc2c9,2020-09-26,806051,28441,661281,3605331,,,,,,,3,1,2,3,1,1,1,4,2,2,0,1,0,1,57.29,71.3,54.76,75.0,1,Colombia,,,4.5709,-74.2973,49648685,COL,CO,170,COU,,ChIJo5QVrjqkFY4RQKPy7wSaDZo,Colombia,CO,,COL
d9ccc2c9,2020-09-27,813069,28641,671882,3636941,,,,,,,3,1,2,3,1,1,1,4,2,2,0,1,0,1,57.29,71.3,54.76,75.0,1,Colombia,,,4.5709,-74.2973,49648685,COL,CO,170,COU,,ChIJo5QVrjqkFY4RQKPy7wSaDZo,Colombia,CO,,COL
d9ccc2c9,2020-09-28,818212,28850,682291,3667847,,,,,,,3,1,2,3,1,1,1,4,2,2,0,1,0,1,57.29,71.3,54.76,75.0,1,Colombia,,,4.5709,-74.2973,49648685,COL,CO,170,COU,,ChIJo5QVrjqkFY4RQKPy7wSaDZo,Colombia,CO,,COL
d9ccc2c9,2020-09-29,824050,29049,693266,3702333,,,,,,,3,1,2,3,1,1,1,4,2,2,0,1,0,1,57.29,71.3,54.76,75.0,1,Colombia,,,4.5709,-74.2973,49648685,COL,CO,170,COU,,ChIJo5QVrjqkFY4RQKPy7wSaDZo,Colombia,CO,,COL
d9ccc2c9,2020-09-30,829687,29242,702297,3737326,,,,,,,3,1,2,3,1,1,1,4,2,2,0,1,0,1,57.29,71.3,54.76,75.0,1,Colombia,,,4.5709,-74.2973,49648685,COL,CO,170,COU,,ChIJo5QVrjqkFY4RQKPy7wSaDZo,Colombia,CO,,COL
d9ccc2c9,2020-10-01,835347,29451,710198,3775614,,,,,,,3,1,2,3,1,1,1,4,2,2,0,1,0,1,57.29,71.3,54.76,75.0,1,Colombia,,,4.5709,-74.2973,49648685,COL,CO,170,COU,,ChIJo5QVrjqkFY4RQKPy7wSaDZo,Colombia,CO,,COL
d9ccc2c9,2020-10-02,841537,29659,712394,3817506,,,,,,,3,1,2,3,1,1,1,4,2,2,0,1,0,1,57.29,71.3,54.76,75.0,1,Colombia,,,4.5709,-74.2973,49648685,COL,CO,170,COU,,ChIJo5QVrjqkFY4RQKPy7wSaDZo,Colombia,CO,,COL
d9ccc2c9,2020-10-03,848153,29839,716119,3861628,,,,,,,3,1,2,3,1,1,1,4,2,2,0,1,0,1,57.29,71.3,54.76,75.0,1,Colombia,,,4.5709,-74.2973,49648685,COL,CO,170,COU,,ChIJo5QVrjqkFY4RQKPy7wSaDZo,Colombia,CO,,COL
d9ccc2c9,2020-10-04,855058,30031,719830,3894289,,,,,,,3,1,2,3,1,1,1,4,2,2,0,1,0,1,57.29,71.3,54.76,75.0,1,Colombia,,,4.5709,-74.2973,49648685,COL,CO,170,COU,,ChIJo5QVrjqkFY4RQKPy7wSaDZo,Colombia,CO,,COL
d9ccc2c9,2020-10-05,862162,30218,724042,3930262,,,,,,,3,1,2,3,1,1,1,4,2,2,0,1,0,1,57.29,71.3,54.76,75.0,1,Colombia,,,4.5709,-74.2973,49648685,COL,CO,170,COU,,ChIJo5QVrjqkFY4RQKPy7wSaDZo,Colombia,CO,,COL
d9ccc2c9,2020-10-06,869812,30429,728221,3967885,,,,,,,3,1,2,3,1,1,1,4,2,2,0,1,0,1,57.29,71.3,54.76,75.0,1,Colombia,,,4.5709,-74.2973,49648685,COL,CO,170,COU,,ChIJo5QVrjqkFY4RQKPy7wSaDZo,Colombia,CO,,COL
d9ccc2c9,2020-10-07,877687,30603,731306,4005437,,,,,,,3,1,2,3,1,1,1,4,2,2,0,1,0,1,57.29,71.3,54.76,75.0,1,Colombia,,,4.5709,-74.2973,49648685,COL,CO,170,COU,,ChIJo5QVrjqkFY4RQKPy7wSaDZo,Colombia,CO,,COL
d9ccc2c9,2020-10-08,886183,30779,734809,4047592,,,,,,,3,1,2,3,1,1,1,4,2,2,0,1,0,1,57.29,71.3,54.76,75.0,1,Colombia,,,4.5709,-74.2973,49648685,COL,CO,170,COU,,ChIJo5QVrjqkFY4RQKPy7wSaDZo,Colombia,CO,,COL
d9ccc2c9,2020-10-09,894303,30960,737577,4097223,,,,,,,3,1,2,3,1,1,1,4,2,2,0,1,0,1,57.29,71.3,54.76,75.0,1,Colombia,,,4.5709,-74.2973,49648685,COL,CO,170,COU,,ChIJo5QVrjqkFY4RQKPy7wSaDZo,Colombia,CO,,COL
d9ccc2c9,2020-10-10,902750,31162,740085,4141602,,,,,,,3,1,2,3,1,1,1,4,2,2,0,1,0,1,57.29,71.3,54.76,75.0,1,Colombia,,,4.5709,-74.2973,49648685,COL,CO,170,COU,,ChIJo5QVrjqkFY4RQKPy7wSaDZo,Colombia,CO,,COL
d9ccc2c9,2020-10-11,911319,31374,746620,4173863,,,,,,,3,1,2,3,1,1,1,4,2,2,0,1,0,1,57.29,71.3,54.76,75.0,1,Colombia,,,4.5709,-74.2973,49648685,COL,CO,170,COU,,ChIJo5QVrjqkFY4RQKPy7wSaDZo,Colombia,CO,,COL
d9ccc2c9,2020-10-12,919085,31581,754829,4202181,,,,,,,3,1,2,3,1,1,1,4,2,2,0,1,0,1,57.29,71.3,54.76,75.0,1,Colombia,,,4.5709,-74.2973,49648685,COL,CO,170,COU,,ChIJo5QVrjqkFY4RQKPy7wSaDZo,Colombia,CO,,COL
d9ccc2c9,2020-10-13,924100,31793,762898,4234813,,,,,,,3,1,2,3,1,1,1,4,2,2,0,1,0,1,57.29,71.3,54.76,75.0,1,Colombia,,,4.5709,-74.2973,49648685,COL,CO,170,COU,,ChIJo5QVrjqkFY4RQKPy7wSaDZo,Colombia,CO,,COL
d9ccc2c9,2020-10-14,930161,31977,772650,4270936,,,,,,,3,1,2,3,1,1,1,4,2,2,0,1,0,1,57.29,71.3,54.76,75.0,1,Colombia,,,4.5709,-74.2973,49648685,COL,CO,170,COU,,ChIJo5QVrjqkFY4RQKPy7wSaDZo,Colombia,CO,,COL
d9ccc2c9,2020-10-15,936984,32179,782580,4222539,,,,,,,3,1,2,3,1,1,1,4,2,2,0,1,0,1,57.29,71.3,54.76,75.0,1,Colombia,,,4.5709,-74.2973,49648685,COL,CO,170,COU,,ChIJo5QVrjqkFY4RQKPy7wSaDZo,Colombia,CO,,COL
d9ccc2c9,2020-10-16,945356,32391,792495,4348270,,,,,,,3,1,2,3,1,1,1,4,2,2,0,1,0,1,57.29,71.3,54.76,75.0,1,Colombia,,,4.5709,-74.2973,49648685,COL,CO,170,COU,,ChIJo5QVrjqkFY4RQKPy7wSaDZo,Colombia,CO,,COL
d9ccc2c9,2020-10-17,952373,32593,802543,4401530,,,,,,,3,1,2,3,1,1,1,4,2,2,0,1,0,1,57.29,71.3,54.76,75.0,1,Colombia,,,4.5709,-74.2973,49648685,COL,CO,170,COU,,ChIJo5QVrjqkFY4RQKPy7wSaDZo,Colombia,CO,,COL
d9ccc2c9,2020-10-18,959574,32775,812736,4433518,,,,,,,3,1,2,3,1,1,1,4,2,2,0,1,0,1,57.29,71.3,54.76,75.0,1,Colombia,,,4.5709,-74.2973,49648685,COL,CO,170,COU,,ChIJo5QVrjqkFY4RQKPy7wSaDZo,Colombia,CO,,COL
d9ccc2c9,2020-10-19,965885,32982,821935,4467051,,,,,,,3,1,1,3,1,1,1,4,2,2,2,1,0,1,60.42,65.74,58.33,75.0,1,Colombia,,,4.5709,-74.2973,49648685,COL,CO,170,COU,,ChIJo5QVrjqkFY4RQKPy7wSaDZo,Colombia,CO,,COL
d9ccc2c9,2020-10-20,974141,33188,830190,4516832,,,,,,,3,1,1,3,1,1,1,4,2,2,2,1,0,1,60.42,65.74,58.33,75.0,1,Colombia,,,4.5709,-74.2973,49648685,COL,CO,170,COU,,ChIJo5QVrjqkFY4RQKPy7wSaDZo,Colombia,CO,,COL
d9ccc2c9,2020-10-21,981703,33395,837980,4564070,,,,,,,3,1,1,3,1,1,1,4,2,2,2,1,0,1,60.42,65.74,58.33,75.0,1,Colombia,,,4.5709,-74.2973,49648685,COL,CO,170,COU,,ChIJo5QVrjqkFY4RQKPy7wSaDZo,Colombia,CO,,COL
d9ccc2c9,2020-10-22,990273,33586,846373,4615614,,,,,,,3,1,1,3,1,1,1,4,2,2,2,1,0,1,60.42,65.74,58.33,75.0,1,Colombia,,,4.5709,-74.2973,49648685,COL,CO,170,COU,,ChIJo5QVrjqkFY4RQKPy7wSaDZo,Colombia,CO,,COL
d9ccc2c9,2020-10-23,998944,33826,853928,4668341,,,,,,,3,1,1,3,1,1,1,4,2,2,2,1,0,1,60.42,65.74,58.33,75.0,1,Colombia,,,4.5709,-74.2973,49648685,COL,CO,170,COU,,ChIJo5QVrjqkFY4RQKPy7wSaDZo,Colombia,CO,,COL
d9ccc2c9,2020-10-24,1007714,34039,859364,4718734,,,,,,,3,1,1,3,1,1,1,4,2,2,2,1,0,1,60.42,65.74,58.33,75.0,1,Colombia,,,4.5709,-74.2973,49648685,COL,CO,170,COU,,ChIJo5QVrjqkFY4RQKPy7wSaDZo,Colombia,CO,,COL
d9ccc2c9,2020-10-25,1015888,34249,866960,4748774,,,,,,,3,1,1,3,1,1,1,4,2,2,2,1,0,1,60.42,65.74,58.33,75.0,1,Colombia,,,4.5709,-74.2973,49648685,COL,CO,170,COU,,ChIJo5QVrjqkFY4RQKPy7wSaDZo,Colombia,CO,,COL
d9ccc2c9,2020-10-26,1025055,34470,875055,4789625,,,,,,,3,1,1,3,1,1,1,4,2,2,2,1,0,1,60.42,65.74,58.33,75.0,1,Colombia,,,4.5709,-74.2973,49648685,COL,CO,170,COU,,ChIJo5QVrjqkFY4RQKPy7wSaDZo,Colombia,CO,,COL
d9ccc2c9,2020-10-27,1033221,34690,883291,4838104,,,,,,,3,1,1,3,1,1,1,4,2,2,2,1,0,1,60.42,65.74,58.33,75.0,1,Colombia,,,4.5709,-74.2973,49648685,COL,CO,170,COU,,ChIJo5QVrjqkFY4RQKPy7wSaDZo,Colombia,CO,,COL
d9ccc2c9,2020-10-28,1041940,34899,891781,4887294,,,,,,,3,1,1,3,1,1,1,4,2,2,2,1,0,1,60.42,65.74,58.33,75.0,1,Colombia,,,4.5709,-74.2973,49648685,COL,CO,170,COU,,ChIJo5QVrjqkFY4RQKPy7wSaDZo,Colombia,CO,,COL
d9ccc2c9,2020-10-29,1053127,35134,899858,4940714,,,,,,,3,1,1,3,1,1,1,4,2,2,2,1,0,1,60.42,65.74,58.33,75.0,1,Colombia,,,4.5709,-74.2973,49648685,COL,CO,170,COU,,ChIJo5QVrjqkFY4RQKPy7wSaDZo,Colombia,CO,,COL
d9ccc2c9,2020-10-30,1063156,35358,908545,4992137,,,,,,,3,1,1,3,1,1,1,4,2,2,2,1,0,1,60.42,65.74,58.33,75.0,1,Colombia,,,4.5709,-74.2973,49648685,COL,CO,170,COU,,ChIJo5QVrjqkFY4RQKPy7wSaDZo,Colombia,CO,,COL
d9ccc2c9,2020-10-31,1074189,35559,918179,5049380,,,,,,,3,1,1,3,1,1,1,4,2,2,2,1,0,1,60.42,65.74,58.33,75.0,1,Colombia,,,4.5709,-74.2973,49648685,COL,CO,170,COU,,ChIJo5QVrjqkFY4RQKPy7wSaDZo,Colombia,CO,,COL
d9ccc2c9,2020-11-01,1083326,35750,926586,5095049,,,,,,,3,1,1,3,1,1,1,4,2,2,2,1,0,1,60.42,65.74,58.33,75.0,1,Colombia,,,4.5709,-74.2973,49648685,COL,CO,170,COU,,ChIJo5QVrjqkFY4RQKPy7wSaDZo,Colombia,CO,,COL
d9ccc2c9,2020-11-02,1093260,35969,934404,5124722,,,,,,,3,1,1,3,1,1,1,4,2,2,2,1,0,1,60.42,65.74,58.33,75.0,1,Colombia,,,4.5709,-74.2973,49648685,COL,CO,170,COU,,ChIJo5QVrjqkFY4RQKPy7wSaDZo,Colombia,CO,,COL
d9ccc2c9,2020-11-03,1099396,36208,942413,5162926,,,,,,,3,1,1,3,1,1,1,4,2,2,2,1,0,1,60.42,65.74,58.33,75.0,1,Colombia,,,4.5709,-74.2973,49648685,COL,CO,170,COU,,ChIJo5QVrjqkFY4RQKPy7wSaDZo,Colombia,CO,,COL
d9ccc2c9,2020-11-04,1108089,36460,950742,5213891,,,,,,,3,1,1,3,1,1,1,4,2,2,2,1,0,1,60.42,65.74,58.33,75.0,1,Colombia,,,4.5709,-74.2973,49648685,COL,CO,170,COU,,ChIJo5QVrjqkFY4RQKPy7wSaDZo,Colombia,CO,,COL
d9ccc2c9,2020-11-05,1117983,36671,959679,5256755,,,,,,,3,1,1,3,1,1,1,4,2,2,2,1,0,1,60.42,65.74,58.33,75.0,1,Colombia,,,4.5709,-74.2973,49648685,COL,CO,170,COU,,ChIJo5QVrjqkFY4RQKPy7wSaDZo,Colombia,CO,,COL
d9ccc2c9,2020-11-06,1127740,36883,968782,5319368,,,,,,,3,1,1,3,1,1,1,4,2,2,2,1,0,1,60.42,65.74,58.33,75.0,1,Colombia,,,4.5709,-74.2973,49648685,COL,CO,170,COU,,ChIJo5QVrjqkFY4RQKPy7wSaDZo,Colombia,CO,,COL
d9ccc2c9,2020-11-07,1136455,37102,977364,5368027,,,,,,,3,1,1,3,1,1,1,4,2,2,2,1,0,1,60.42,65.74,58.33,75.0,1,Colombia,,,4.5709,-74.2973,49648685,COL,CO,170,COU,,ChIJo5QVrjqkFY4RQKPy7wSaDZo,Colombia,CO,,COL
d9ccc2c9,2020-11-08,1143893,37291,985899,5400833,,,,,,,3,1,1,3,1,1,1,4,2,2,2,1,0,1,60.42,65.74,58.33,75.0,1,Colombia,,,4.5709,-74.2973,49648685,COL,CO,170,COU,,ChIJo5QVrjqkFY4RQKPy7wSaDZo,Colombia,CO,,COL
d9ccc2c9,2020-11-09,1149076,37480,994555,5449707,,,,,,,3,1,1,3,1,1,1,4,2,2,2,1,0,1,60.42,65.74,58.33,75.0,1,Colombia,,,4.5709,-74.2973,49648685,COL,CO,170,COU,,ChIJo5QVrjqkFY4RQKPy7wSaDZo,Colombia,CO,,COL
d9ccc2c9,2020-11-10,1156688,37685,1005987,5499145,,,,,,,3,1,1,3,1,1,1,4,2,2,2,1,0,1,60.42,65.74,58.33,75.0,1,Colombia,,,4.5709,-74.2973,49648685,COL,CO,170,COU,,ChIJo5QVrjqkFY4RQKPy7wSaDZo,Colombia,CO,,COL
d9ccc2c9,2020-11-11,1165341,37888,1016704,5547861,,,,,,,3,1,1,3,1,1,1,4,2,2,2,1,0,1,60.42,65.74,58.33,75.0,1,Colombia,,,4.5709,-74.2973,49648685,COL,CO,170,COU,,ChIJo5QVrjqkFY4RQKPy7wSaDZo,Colombia,CO,,COL
d9ccc2c9,2020-11-12,1174026,38115,1027586,5600754,,,,,,,3,1,1,3,1,1,1,4,2,2,2,1,0,1,60.42,65.74,58.33,75.0,1,Colombia,,,4.5709,-74.2973,49648685,COL,CO,170,COU,,ChIJo5QVrjqkFY4RQKPy7wSaDZo,Colombia,CO,,COL
d9ccc2c9,2020-11-13,1182715,38319,1035019,5651385,,,,,,,3,1,1,3,1,1,1,4,2,2,2,1,0,1,60.42,65.74,58.33,75.0,1,Colombia,,,4.5709,-74.2973,49648685,COL,CO,170,COU,,ChIJo5QVrjqkFY4RQKPy7wSaDZo,Colombia,CO,,COL
d9ccc2c9,2020-11-14,1191022,38529,1043107,5706996,,,,,,,3,1,1,3,1,1,1,4,2,2,2,1,0,1,60.42,65.74,58.33,75.0,1,Colombia,,,4.5709,-74.2973,49648685,COL,CO,170,COU,,ChIJo5QVrjqkFY4RQKPy7wSaDZo,Colombia,CO,,COL
d9ccc2c9,2020-11-15,1198764,38760,1050390,5733420,,,,,,,3,1,1,3,1,1,1,4,2,2,2,1,0,1,60.42,65.74,58.33,75.0,1,Colombia,,,4.5709,-74.2973,49648685,COL,CO,170,COU,,ChIJo5QVrjqkFY4RQKPy7wSaDZo,Colombia,CO,,COL
d9ccc2c9,2020-11-16,1205235,38981,1057286,5765380,,,,,,,3,1,1,3,1,1,1,4,2,2,2,1,0,1,60.42,65.74,58.33,75.0,1,Colombia,,,4.5709,-74.2973,49648685,COL,CO,170,COU,,ChIJo5QVrjqkFY4RQKPy7wSaDZo,Colombia,CO,,COL
d9ccc2c9,2020-11-17,1211150,39169,1064461,5807266,,,,,,,3,1,1,3,1,1,1,4,2,2,2,1,0,1,60.42,65.74,58.33,75.0,1,Colombia,,,4.5709,-74.2973,49648685,COL,CO,170,COU,,ChIJo5QVrjqkFY4RQKPy7wSaDZo,Colombia,CO,,COL
d9ccc2c9,2020-11-18,1218027,39384,1070975,5854726,,,,,,,3,1,1,3,1,1,1,4,2,2,2,1,0,1,60.42,65.74,58.33,75.0,1,Colombia,,,4.5709,-74.2973,49648685,COL,CO,170,COU,,ChIJo5QVrjqkFY4RQKPy7wSaDZo,Colombia,CO,,COL
d9ccc2c9,2020-11-19,1225516,39601,1078415,5902371,,,,,,,3,1,1,3,1,1,1,4,2,2,2,1,0,1,60.42,65.74,58.33,75.0,1,Colombia,,,4.5709,-74.2973,49648685,COL,CO,170,COU,,ChIJo5QVrjqkFY4RQKPy7wSaDZo,Colombia,CO,,COL
d9ccc2c9,2020-11-20,1233470,39814,1084794,5953885,,,,,,,3,1,1,3,1,1,1,4,2,2,2,1,0,1,60.42,65.74,58.33,75.0,1,Colombia,,,4.5709,-74.2973,49648685,COL,CO,170,COU,,ChIJo5QVrjqkFY4RQKPy7wSaDZo,Colombia,CO,,COL
d9ccc2c9,2020-11-21,1240519,40044,1091120,6009050,,,,,,,3,1,1,3,1,1,1,4,2,2,2,1,0,1,60.42,65.74,58.33,75.0,1,Colombia,,,4.5709,-74.2973,49648685,COL,CO,170,COU,,ChIJo5QVrjqkFY4RQKPy7wSaDZo,Colombia,CO,,COL
d9ccc2c9,2020-11-22,1248443,40268,1096827,6042443,,,,,,,3,1,1,3,1,1,1,4,2,2,2,1,0,1,60.42,65.74,58.33,75.0,1,Colombia,,,4.5709,-74.2973,49648685,COL,CO,170,COU,,ChIJo5QVrjqkFY4RQKPy7wSaDZo,Colombia,CO,,COL
d9ccc2c9,2020-11-23,1255007,40485,1104602,6081141,,,,,,,3,1,1,3,1,1,1,4,2,2,2,1,0,1,60.42,65.74,58.33,75.0,1,Colombia,,,4.5709,-74.2973,49648685,COL,CO,170,COU,,ChIJo5QVrjqkFY4RQKPy7wSaDZo,Colombia,CO,,COL
d9ccc2c9,2020-11-24,1262523,40717,1113021,6134361,,,,,,,3,1,1,3,1,1,1,4,2,2,2,1,0,1,60.42,65.74,58.33,75.0,1,Colombia,,,4.5709,-74.2973,49648685,COL,CO,170,COU,,ChIJo5QVrjqkFY4RQKPy7wSaDZo,Colombia,CO,,COL
d9ccc2c9,2020-11-25,1271021,40922,1119853,6184697,,,,,,,3,1,1,3,1,1,1,4,2,2,2,1,0,1,60.42,65.74,58.33,75.0,1,Colombia,,,4.5709,-74.2973,49648685,COL,CO,170,COU,,ChIJo5QVrjqkFY4RQKPy7wSaDZo,Colombia,CO,,COL
d9ccc2c9,2020-11-26,1280519,41154,1126921,6243882,,,,,,,-2,1,1,3,1,1,1,4,2,2,2,1,0,1,57.29,60.19,54.76,75.0,1,Colombia,,,4.5709,-74.2973,49648685,COL,CO,170,COU,,ChIJo5QVrjqkFY4RQKPy7wSaDZo,Colombia,CO,,COL
d9ccc2c9,2020-11-27,1290549,41385,1133795,6295261,,,,,,,-2,1,1,3,1,1,1,4,2,2,2,1,0,1,57.29,60.19,54.76,75.0,1,Colombia,,,4.5709,-74.2973,49648685,COL,CO,170,COU,,ChIJo5QVrjqkFY4RQKPy7wSaDZo,Colombia,CO,,COL
d9ccc2c9,2020-11-28,1299655,41604,1141173,6350779,,,,,,,-2,1,1,3,1,1,1,4,2,2,2,1,0,1,57.29,60.19,54.76,75.0,1,Colombia,,,4.5709,-74.2973,49648685,COL,CO,170,COU,,ChIJo5QVrjqkFY4RQKPy7wSaDZo,Colombia,CO,,COL
d9ccc2c9,2020-11-29,1308418,41815,1148038,6379441,,,,,,,-2,1,1,3,1,1,1,4,2,2,2,1,0,1,57.29,60.19,54.76,75.0,1,Colombia,,,4.5709,-74.2973,49648685,COL,CO,170,COU,,ChIJo5QVrjqkFY4RQKPy7wSaDZo,Colombia,CO,,COL
d9ccc2c9,2020-11-30,1316851,42015,1153867,6427624,,,,,,,-2,1,1,3,1,1,1,4,2,2,2,1,0,1,57.29,60.19,54.76,75.0,1,Colombia,,,4.5709,-74.2973,49648685,COL,CO,170,COU,,ChIJo5QVrjqkFY4RQKPy7wSaDZo,Colombia,CO,,COL
d9ccc2c9,2020-12-01,1324834,42226,1160581,6477392,,,,,,,-2,1,1,3,1,1,1,4,2,2,2,1,0,1,57.29,60.19,54.76,75.0,1,Colombia,,,4.5709,-74.2973,49648685,COL,CO,170,COU,,ChIJo5QVrjqkFY4RQKPy7wSaDZo,Colombia,CO,,COL
d9ccc2c9,2020-12-02,1334139,42443,1168204,6533539,,,,,,,-2,1,1,3,1,1,1,4,2,2,2,1,0,1,57.29,60.19,54.76,75.0,1,Colombia,,,4.5709,-74.2973,49648685,COL,CO,170,COU,,ChIJo5QVrjqkFY4RQKPy7wSaDZo,Colombia,CO,,COL
d9ccc2c9,2020-12-03,1343379,42659,1175327,6591158,,,,,,,-2,1,1,3,1,1,1,4,2,2,2,1,0,1,57.29,60.19,54.76,75.0,1,Colombia,,,4.5709,-74.2973,49648685,COL,CO,170,COU,,ChIJo5QVrjqkFY4RQKPy7wSaDZo,Colombia,CO,,COL
d9ccc2c9,2020-12-04,1352665,42861,1182891,6648077,,,,,,,-2,1,1,3,1,1,1,4,2,2,2,1,0,1,57.29,60.19,54.76,75.0,1,Colombia,,,4.5709,-74.2973,49648685,COL,CO,170,COU,,ChIJo5QVrjqkFY4RQKPy7wSaDZo,Colombia,CO,,COL
d9ccc2c9,2020-12-05,1362309,43076,1191325,6700847,,,,,,,-2,1,1,3,1,1,1,4,2,2,2,1,0,1,57.29,60.19,54.76,75.0,1,Colombia,,,4.5709,-74.2973,49648685,COL,CO,170,COU,,ChIJo5QVrjqkFY4RQKPy7wSaDZo,Colombia,CO,,COL
d9ccc2c9,2020-12-06,1371163,43293,1198738,6736250,,,,,,,-2,1,1,3,1,1,1,4,2,2,2,1,0,1,57.29,60.19,54.76,75.0,1,Colombia,,,4.5709,-74.2973,49648685,COL,CO,170,COU,,ChIJo5QVrjqkFY4RQKPy7wSaDZo,Colombia,CO,,COL
d9ccc2c9,2020-12-07,1377163,43517,1208513,6773354,,,,,,,-2,1,1,3,1,1,1,4,2,2,2,1,0,1,57.29,60.19,54.76,75.0,1,Colombia,,,4.5709,-74.2973,49648685,COL,CO,170,COU,,ChIJo5QVrjqkFY4RQKPy7wSaDZo,Colombia,CO,,COL
d9ccc2c9,2020-12-08,1384673,43735,1218826,6813059,,,,,,,-2,1,1,3,1,1,1,4,2,2,2,1,0,1,57.29,60.19,54.76,75.0,1,Colombia,,,4.5709,-74.2973,49648685,COL,CO,170,COU,,ChIJo5QVrjqkFY4RQKPy7wSaDZo,Colombia,CO,,COL
d9ccc2c9,2020-12-09,1392198,43962,1227714,6854178,,,,,,,-2,1,1,3,1,1,1,4,2,2,2,1,0,1,57.29,60.19,54.76,75.0,1,Colombia,,,4.5709,-74.2973,49648685,COL,CO,170,COU,,ChIJo5QVrjqkFY4RQKPy7wSaDZo,Colombia,CO,,COL
d9ccc2c9,2020-12-10,1399977,44182,1236158,6913703,,,,,,,-2,1,1,3,1,1,1,4,2,2,2,1,0,1,57.29,60.19,54.76,75.0,1,Colombia,,,4.5709,-74.2973,49648685,COL,CO,170,COU,,ChIJo5QVrjqkFY4RQKPy7wSaDZo,Colombia,CO,,COL
d9ccc2c9,2020-12-11,1408973,44434,1243724,6966845,,,,,,,-2,1,1,3,1,1,1,4,2,2,2,1,0,1,57.29,60.19,54.76,75.0,1,Colombia,,,4.5709,-74.2973,49648685,COL,CO,170,COU,,ChIJo5QVrjqkFY4RQKPy7wSaDZo,Colombia,CO,,COL
d9ccc2c9,2020-12-12,1417137,44658,1249943,7027290,,,,,,,-2,1,1,3,1,1,1,4,2,2,2,1,0,1,57.29,60.19,54.76,75.0,1,Colombia,,,4.5709,-74.2973,49648685,COL,CO,170,COU,,ChIJo5QVrjqkFY4RQKPy7wSaDZo,Colombia,CO,,COL
d9ccc2c9,2020-12-13,1425834,44899,1255325,7067441,,,,,,,-2,1,1,3,1,1,1,4,2,2,2,1,0,1,57.29,60.19,54.76,75.0,1,Colombia,,,4.5709,-74.2973,49648685,COL,CO,170,COU,,ChIJo5QVrjqkFY4RQKPy7wSaDZo,Colombia,CO,,COL
d9ccc2c9,2020-12-14,1434579,45119,1262148,7120790,,,,,,,-2,1,1,3,1,1,1,4,2,2,2,1,0,1,57.29,60.19,54.76,75.0,1,Colombia,,,4.5709,-74.2973,49648685,COL,CO,170,COU,,ChIJo5QVrjqkFY4RQKPy7wSaDZo,Colombia,CO,,COL
d9ccc2c9,2020-12-15,1444710,45366,1269429,7184388,,,,,,,-2,1,1,3,1,1,1,4,2,2,2,1,0,1,57.29,60.19,54.76,75.0,1,Colombia,,,4.5709,-74.2973,49648685,COL,CO,170,COU,,ChIJo5QVrjqkFY4RQKPy7wSaDZo,Colombia,CO,,COL
d9ccc2c9,2020-12-16,1456660,45633,1277570,7245020,,,,,,,-2,1,1,3,1,1,1,4,2,2,2,1,0,1,57.29,60.19,54.76,75.0,1,Colombia,,,4.5709,-74.2973,49648685,COL,CO,170,COU,,ChIJo5QVrjqkFY4RQKPy7wSaDZo,Colombia,CO,,COL
d9ccc2c9,2020-12-17,1468857,45898,1285362,7308951,,,,,,,-2,1,1,3,1,1,1,4,2,2,2,1,0,1,57.29,60.19,54.76,75.0,1,Colombia,,,4.5709,-74.2973,49648685,COL,CO,170,COU,,ChIJo5QVrjqkFY4RQKPy7wSaDZo,Colombia,CO,,COL
d9ccc2c9,2020-12-18,1482135,46176,1295745,7384208,,,,,,,-2,1,1,3,1,1,1,4,2,2,2,1,0,1,57.29,60.19,54.76,75.0,1,Colombia,,,4.5709,-74.2973,49648685,COL,CO,170,COU,,ChIJo5QVrjqkFY4RQKPy7wSaDZo,Colombia,CO,,COL
d9ccc2c9,2020-12-19,1496125,46453,1304393,7447035,,,,,,,-2,1,1,3,1,1,1,4,2,2,2,1,0,1,57.29,60.19,54.76,75.0,1,Colombia,,,4.5709,-74.2973,49648685,COL,CO,170,COU,,ChIJo5QVrjqkFY4RQKPy7wSaDZo,Colombia,CO,,COL
d9ccc2c9,2020-12-20,1507286,46737,1321027,7490661,,,,,,,-2,1,1,3,1,1,1,4,2,2,2,1,0,1,57.29,60.19,54.76,75.0,1,Colombia,,,4.5709,-74.2973,49648685,COL,CO,170,COU,,ChIJo5QVrjqkFY4RQKPy7wSaDZo,Colombia,CO,,COL
d9ccc2c9,2020-12-21,1518130,47041,1330297,7538105,,,,,,,-2,1,1,3,1,1,1,4,2,2,2,1,0,1,57.29,60.19,54.76,75.0,1,Colombia,,,4.5709,-74.2973,49648685,COL,CO,170,COU,,ChIJo5QVrjqkFY4RQKPy7wSaDZo,Colombia,CO,,COL
d9ccc2c9,2020-12-22,1530646,47328,1342530,7599798,,,,,,,-2,1,1,3,1,1,1,4,2,2,2,1,0,1,57.29,60.19,54.76,75.0,1,Colombia,,,4.5709,-74.2973,49648685,COL,CO,170,COU,,ChIJo5QVrjqkFY4RQKPy7wSaDZo,Colombia,CO,,COL
d9ccc2c9,2020-12-23,1544875,47615,1352746,7679819,,,,,,,-2,1,1,3,1,1,1,4,2,2,2,1,0,1,57.29,60.19,54.76,75.0,1,Colombia,,,4.5709,-74.2973,49648685,COL,CO,170,COU,,ChIJo5QVrjqkFY4RQKPy7wSaDZo,Colombia,CO,,COL
d9ccc2c9,2020-12-24,1559812,47916,1365730,7754083,,,,,,,-2,1,1,3,1,1,1,4,2,2,2,1,0,1,57.29,60.19,54.76,75.0,1,Colombia,,,4.5709,-74.2973,49648685,COL,CO,170,COU,,ChIJo5QVrjqkFY4RQKPy7wSaDZo,Colombia,CO,,COL
d9ccc2c9,2020-12-25,1574752,48187,1378323,7800726,,,,,,,-2,1,1,3,1,1,1,4,2,2,2,1,0,1,57.29,60.19,54.76,75.0,1,Colombia,,,4.5709,-74.2973,49648685,COL,CO,170,COU,,ChIJo5QVrjqkFY4RQKPy7wSaDZo,Colombia,CO,,COL
d9ccc2c9,2020-12-26,1584944,48500,1391671,7833017,,,,,,,-2,1,1,3,1,1,1,4,2,2,2,1,0,1,57.29,60.19,54.76,75.0,1,Colombia,,,4.5709,-74.2973,49648685,COL,CO,170,COU,,ChIJo5QVrjqkFY4RQKPy7wSaDZo,Colombia,CO,,COL
d9ccc2c9,2020-12-27,1594527,48775,1403449,7872634,,,,,,,-2,1,1,3,1,1,1,4,2,2,2,1,0,1,57.29,60.19,54.76,75.0,1,Colombia,,,4.5709,-74.2973,49648685,COL,CO,170,COU,,ChIJo5QVrjqkFY4RQKPy7wSaDZo,Colombia,CO,,COL
d9ccc2c9,2020-12-28,1603832,49084,1416434,7910957,,,,,,,-2,1,1,3,1,1,1,4,2,2,2,1,0,1,57.29,60.19,54.76,75.0,1,Colombia,,,4.5709,-74.2973,49648685,COL,CO,170,COU,,ChIJo5QVrjqkFY4RQKPy7wSaDZo,Colombia,CO,,COL
d9ccc2c9,2020-12-29,1614848,49454,1424276,7980627,,,,,,,-2,1,1,3,1,1,1,4,2,2,2,1,0,1,57.29,60.19,54.76,75.0,1,Colombia,,,4.5709,-74.2973,49648685,COL,CO,170,COU,,ChIJo5QVrjqkFY4RQKPy7wSaDZo,Colombia,CO,,COL
d9ccc2c9,2020-12-30,1626486,49797,1438429,8048935,,,,,,,-2,1,1,3,1,1,1,4,2,2,2,1,0,1,57.29,60.19,54.76,75.0,1,Colombia,,,4.5709,-74.2973,49648685,COL,CO,170,COU,,ChIJo5QVrjqkFY4RQKPy7wSaDZo,Colombia,CO,,COL
d9ccc2c9,2020-12-31,1642802,50101,1449601,8132471,,,,,,,-2,1,1,3,1,1,1,4,2,2,2,1,0,1,57.29,60.19,54.76,75.0,1,Colombia,,,4.5709,-74.2973,49648685,COL,CO,170,COU,,ChIJo5QVrjqkFY4RQKPy7wSaDZo,Colombia,CO,,COL
d9ccc2c9,2021-01-01,1654910,50478,1461224,8172155,,,,,,,-2,1,1,3,1,1,1,4,2,2,2,1,2,1,59.79,60.19,57.62,75.0,1,Colombia,,,4.5709,-74.2973,49648685,COL,CO,170,COU,,ChIJo5QVrjqkFY4RQKPy7wSaDZo,Colombia,CO,,COL
d9ccc2c9,2021-01-02,1666434,50806,1471375,8203048,,,,,,,-2,1,1,3,1,1,1,4,2,2,2,1,2,1,59.79,60.19,57.62,75.0,1,Colombia,,,4.5709,-74.2973,49648685,COL,CO,170,COU,,ChIJo5QVrjqkFY4RQKPy7wSaDZo,Colombia,CO,,COL
d9ccc2c9,2021-01-03,1675844,51110,1482163,8237022,,,,,,,-2,1,1,3,1,1,1,4,2,2,2,1,2,1,59.79,60.19,57.62,75.0,1,Colombia,,,4.5709,-74.2973,49648685,COL,CO,170,COU,,ChIJo5QVrjqkFY4RQKPy7wSaDZo,Colombia,CO,,COL
d9ccc2c9,2021-01-04,1686159,51446,1491686,8285308,,,,,,,-2,1,1,3,1,1,1,4,2,2,2,1,2,1,59.79,60.19,57.62,75.0,1,Colombia,,,4.5709,-74.2973,49648685,COL,CO,170,COU,,ChIJo5QVrjqkFY4RQKPy7wSaDZo,Colombia,CO,,COL
d9ccc2c9,2021-01-05,1702994,51798,1498738,8351121,,,,,,,-2,1,1,3,1,1,1,4,2,2,2,1,2,-3,62.92,60.19,61.19,75.0,1,Colombia,,,4.5709,-74.2973,49648685,COL,CO,170,COU,,ChIJo5QVrjqkFY4RQKPy7wSaDZo,Colombia,CO,,COL
d9ccc2c9,2021-01-06,1719798,52197,1508791,8418387,,,,,,,-2,1,1,3,1,1,1,4,2,2,2,1,2,-3,62.92,60.19,61.19,75.0,1,Colombia,,,4.5709,-74.2973,49648685,COL,CO,170,COU,,ChIJo5QVrjqkFY4RQKPy7wSaDZo,Colombia,CO,,COL
d9ccc2c9,2021-01-07,1737371,52625,1519068,8487093,,,,,,,-2,-3,-2,-4,-2,-3,-2,4,2,2,2,1,2,-3,74.64,81.02,74.58,75.0,1,Colombia,,,4.5709,-74.2973,49648685,COL,CO,170,COU,,ChIJo5QVrjqkFY4RQKPy7wSaDZo,Colombia,CO,,COL
d9ccc2c9,2021-01-08,1755603,52982,1535137,8554467,,,,,,,-2,-3,-2,-4,-2,-3,-2,4,2,2,2,1,2,-3,74.64,81.02,74.58,75.0,1,Colombia,,,4.5709,-74.2973,49648685,COL,CO,170,COU,,ChIJo5QVrjqkFY4RQKPy7wSaDZo,Colombia,CO,,COL
d9ccc2c9,2021-01-09,1771399,53389,1547100,8625094,,,,,,,-2,-3,-2,-4,-2,-3,-2,4,2,2,2,1,2,-3,74.64,81.02,74.58,75.0,1,Colombia,,,4.5709,-74.2973,49648685,COL,CO,170,COU,,ChIJo5QVrjqkFY4RQKPy7wSaDZo,Colombia,CO,,COL
d9ccc2c9,2021-01-10,1786937,53778,1558180,8680817,,,,,,,-2,-3,-2,-4,-2,-3,-2,4,2,2,2,1,2,-3,74.64,81.02,74.58,75.0,1,Colombia,,,4.5709,-74.2973,49648685,COL,CO,170,COU,,ChIJo5QVrjqkFY4RQKPy7wSaDZo,Colombia,CO,,COL
d9ccc2c9,2021-01-11,1801940,54205,1569212,8724041,,,,,,,-2,-3,-2,-4,-2,-3,-2,4,2,2,2,1,2,-3,74.64,81.02,74.58,75.0,1,Colombia,,,4.5709,-74.2973,49648685,COL,CO,170,COU,,ChIJo5QVrjqkFY4RQKPy7wSaDZo,Colombia,CO,,COL
d9ccc2c9,2021-01-12,1816119,54632,1582826,8767576,,,,,,,-2,-3,-2,-4,-2,-3,-2,4,2,2,2,1,2,-3,74.64,81.02,74.58,75.0,1,Colombia,,,4.5709,-74.2973,49648685,COL,CO,170,COU,,ChIJo5QVrjqkFY4RQKPy7wSaDZo,Colombia,CO,,COL
d9ccc2c9,2021-01-13,1832024,55079,1600014,8825872,,,,,,,-2,-3,-2,-4,-2,-3,-2,4,2,2,2,1,2,-3,74.64,81.02,74.58,75.0,1,Colombia,,,4.5709,-74.2973,49648685,COL,CO,170,COU,,ChIJo5QVrjqkFY4RQKPy7wSaDZo,Colombia,CO,,COL
d9ccc2c9,2021-01-14,1849155,55497,1617997,8919167,,,,,,,-2,-3,-2,-4,-2,-3,-2,4,2,2,2,1,2,-3,74.64,81.02,74.58,75.0,1,Colombia,,,4.5709,-74.2973,49648685,COL,CO,170,COU,,ChIJo5QVrjqkFY4RQKPy7wSaDZo,Colombia,CO,,COL
d9ccc2c9,2021-01-15,1870237,55938,1631887,9006020,,,,,,,-2,-3,-2,-4,-2,-3,-2,4,2,2,2,1,2,-3,74.64,81.02,74.58,75.0,1,Colombia,,,4.5709,-74.2973,49648685,COL,CO,170,COU,,ChIJo5QVrjqkFY4RQKPy7wSaDZo,Colombia,CO,,COL
d9ccc2c9,2021-01-16,1891096,56368,1644439,9076777,,,,,,,-2,-3,-2,-4,-2,-3,-2,4,2,2,2,1,2,-3,74.64,81.02,74.58,75.0,1,Colombia,,,4.5709,-74.2973,49648685,COL,CO,170,COU,,ChIJo5QVrjqkFY4RQKPy7wSaDZo,Colombia,CO,,COL
d9ccc2c9,2021-01-17,1908478,56838,1661044,9128515,,,,,,,-2,-3,-2,-4,-2,-3,-2,4,2,2,2,1,2,-3,74.64,81.02,74.58,75.0,1,Colombia,,,4.5709,-74.2973,49648685,COL,CO,170,COU,,ChIJo5QVrjqkFY4RQKPy7wSaDZo,Colombia,CO,,COL
d9ccc2c9,2021-01-18,1923198,57299,1684094,9186394,,,,,,,-2,-3,-2,-4,-2,-3,-2,4,2,2,2,1,2,-3,74.64,81.02,74.58,75.0,1,Colombia,,,4.5709,-74.2973,49648685,COL,CO,170,COU,,ChIJo5QVrjqkFY4RQKPy7wSaDZo,Colombia,CO,,COL
d9ccc2c9,2021-01-19,1939149,57770,1699012,9262259,,,,,,,-2,-3,-2,-4,-2,-3,-2,4,2,2,2,1,2,-3,74.64,81.02,74.58,75.0,1,Colombia,,,4.5709,-74.2973,49648685,COL,CO,170,COU,,ChIJo5QVrjqkFY4RQKPy7wSaDZo,Colombia,CO,,COL
d9ccc2c9,2021-01-20,1957065,58217,1714300,9230345,,,,,,,-2,-3,-2,-4,-2,-3,-2,4,2,2,2,1,2,-3,74.64,81.02,74.58,75.0,1,Colombia,,,4.5709,-74.2973,49648685,COL,CO,170,COU,,ChIJo5QVrjqkFY4RQKPy7wSaDZo,Colombia,CO,,COL
d9ccc2c9,2021-01-21,1972446,58697,1728404,9417865,,,,,,,-2,-3,-2,-4,-2,-3,-2,4,2,2,2,1,2,-3,74.64,81.02,74.58,75.0,1,Colombia,,,4.5709,-74.2973,49648685,COL,CO,170,COU,,ChIJo5QVrjqkFY4RQKPy7wSaDZo,Colombia,CO,,COL
d9ccc2c9,2021-01-22,1987538,59114,1738787,9503492,,,,,,,-2,-3,-2,-4,-2,-3,-2,4,2,2,2,1,2,-3,74.64,81.02,74.58,75.0,1,Colombia,,,4.5709,-74.2973,49648685,COL,CO,170,COU,,ChIJo5QVrjqkFY4RQKPy7wSaDZo,Colombia,CO,,COL
d9ccc2c9,2021-01-23,2003106,59506,1749924,9573705,,,,,,,-2,-3,-2,-4,-2,-3,-2,4,2,2,2,1,2,1,71.51,81.02,71.01,75.0,1,Colombia,,,4.5709,-74.2973,49648685,COL,CO,170,COU,,ChIJo5QVrjqkFY4RQKPy7wSaDZo,Colombia,CO,,COL
d9ccc2c9,2021-01-24,2015517,59925,1760333,9625249,,,,,,,-2,-3,-2,-4,-2,-3,-2,4,2,2,2,1,2,1,71.51,81.02,71.01,75.0,1,Colombia,,,4.5709,-74.2973,49648685,COL,CO,170,COU,,ChIJo5QVrjqkFY4RQKPy7wSaDZo,Colombia,CO,,COL
d9ccc2c9,2021-01-25,2027749,60376,1777331,9685156,,,,,,,-2,-3,-2,-4,-2,-3,-2,4,2,2,2,1,2,1,71.51,81.02,71.01,75.0,1,Colombia,,,4.5709,-74.2973,49648685,COL,CO,170,COU,,ChIJo5QVrjqkFY4RQKPy7wSaDZo,Colombia,CO,,COL
d9ccc2c9,2021-01-26,2041356,60795,1793346,9754917,,,,,,,-2,-3,-2,-4,-2,-3,-2,4,2,2,2,1,2,1,71.51,81.02,71.01,75.0,1,Colombia,,,4.5709,-74.2973,49648685,COL,CO,170,COU,,ChIJo5QVrjqkFY4RQKPy7wSaDZo,Colombia,CO,,COL
d9ccc2c9,2021-01-27,2055312,61200,1809281,9829036,,,,,,,-2,-3,-2,-4,-2,-3,-2,4,2,2,2,1,2,1,71.51,81.02,71.01,75.0,1,Colombia,,,4.5709,-74.2973,49648685,COL,CO,170,COU,,ChIJo5QVrjqkFY4RQKPy7wSaDZo,Colombia,CO,,COL
d9ccc2c9,2021-01-28,2067590,61567,1825096,9901965,,,,,,,-2,-3,-2,-4,-2,-3,-2,4,2,2,2,1,2,1,71.51,81.02,71.01,75.0,1,Colombia,,,4.5709,-74.2973,49648685,COL,CO,170,COU,,ChIJo5QVrjqkFY4RQKPy7wSaDZo,Colombia,CO,,COL
d9ccc2c9,2021-01-29,2077822,61940,1840940,9970094,,,,,,,-2,-3,-2,-4,-2,-3,-2,4,2,2,2,1,2,1,71.51,81.02,71.01,75.0,1,Colombia,,,4.5709,-74.2973,49648685,COL,CO,170,COU,,ChIJo5QVrjqkFY4RQKPy7wSaDZo,Colombia,CO,,COL
d9ccc2c9,2021-01-30,2086820,62294,1855220,10035802,,,,,,,-2,-3,-2,-4,-2,-3,-2,4,2,2,2,1,2,1,71.51,81.02,71.01,75.0,1,Colombia,,,4.5709,-74.2973,49648685,COL,CO,170,COU,,ChIJo5QVrjqkFY4RQKPy7wSaDZo,Colombia,CO,,COL
d9ccc2c9,2021-01-31,2094898,62634,1868459,10092781,,,,,,,-2,-3,-2,-4,-2,-3,-2,4,2,2,2,1,2,1,71.51,81.02,71.01,75.0,1,Colombia,,,4.5709,-74.2973,49648685,COL,CO,170,COU,,ChIJo5QVrjqkFY4RQKPy7wSaDZo,Colombia,CO,,COL
d9ccc2c9,2021-02-01,2104520,62958,1884068,10147075,,,,,,,-2,-3,-2,-4,-2,-3,-2,4,2,2,2,1,2,1,71.51,81.02,71.01,75.0,1,Colombia,,,4.5709,-74.2973,49648685,COL,CO,170,COU,,ChIJo5QVrjqkFY4RQKPy7wSaDZo,Colombia,CO,,COL
d9ccc2c9,2021-02-02,2114610,63288,1903105,10208253,,,,,,,-2,-3,-2,-4,-2,-3,-2,4,2,2,2,1,2,1,71.51,81.02,71.01,75.0,1,Colombia,,,4.5709,-74.2973,49648685,COL,CO,170,COU,,ChIJo5QVrjqkFY4RQKPy7wSaDZo,Colombia,CO,,COL
d9ccc2c9,2021-02-03,2125636,63616,1919990,10270960,,,,,,,-2,-3,-2,-4,-2,-3,-2,4,2,2,2,1,2,1,71.51,81.02,71.01,75.0,1,Colombia,,,4.5709,-74.2973,49648685,COL,CO,170,COU,,ChIJo5QVrjqkFY4RQKPy7wSaDZo,Colombia,CO,,COL
d9ccc2c9,2021-02-04,2135426,63938,1931788,10343583,,,,,,,-2,-3,-2,-4,-2,-3,-2,4,2,2,2,1,2,1,71.51,81.02,71.01,75.0,1,Colombia,,,4.5709,-74.2973,49648685,COL,CO,170,COU,,ChIJo5QVrjqkFY4RQKPy7wSaDZo,Colombia,CO,,COL
d9ccc2c9,2021-02-05,2142676,64248,1938804,10408156,,,,,,,-2,-3,-2,-4,-2,-3,-2,4,2,2,2,1,2,1,71.51,81.02,71.01,75.0,1,Colombia,,,4.5709,-74.2973,49648685,COL,CO,170,COU,,ChIJo5QVrjqkFY4RQKPy7wSaDZo,Colombia,CO,,COL
d9ccc2c9,2021-02-06,2151224,64536,1950524,10462994,,,,,,,-2,-3,-2,-4,-2,-3,-2,4,2,2,2,1,2,1,71.51,81.02,71.01,75.0,1,Colombia,,,4.5709,-74.2973,49648685,COL,CO,170,COU,,ChIJo5QVrjqkFY4RQKPy7wSaDZo,Colombia,CO,,COL
d9ccc2c9,2021-02-07,2157226,64842,1956248,10501081,,,,,,,-2,-3,-2,-4,-2,-3,-2,4,2,2,2,1,2,1,71.51,81.02,71.01,75.0,1,Colombia,,,4.5709,-74.2973,49648685,COL,CO,170,COU,,ChIJo5QVrjqkFY4RQKPy7wSaDZo,Colombia,CO,,COL
d9ccc2c9,2021-02-08,2161470,65098,1963876,10551836,,,,,,,-2,-3,-2,-4,-2,-3,-2,4,2,2,2,1,2,1,71.51,81.02,71.01,75.0,1,Colombia,,,4.5709,-74.2973,49648685,COL,CO,170,COU,,ChIJo5QVrjqkFY4RQKPy7wSaDZo,Colombia,CO,,COL
d9ccc2c9,2021-02-09,2166912,65373,1978435,10599518,,,,,,,-2,-3,-2,-4,-2,-3,-2,4,2,2,2,1,2,1,71.51,81.02,71.01,75.0,1,Colombia,,,4.5709,-74.2973,49648685,COL,CO,170,COU,,ChIJo5QVrjqkFY4RQKPy7wSaDZo,Colombia,CO,,COL
d9ccc2c9,2021-02-10,2173348,65623,1986091,10653021,,,,,,,-2,-3,-2,-4,-2,-3,-2,4,2,2,2,1,2,1,71.51,81.02,71.01,75.0,1,Colombia,,,4.5709,-74.2973,49648685,COL,CO,170,COU,,ChIJo5QVrjqkFY4RQKPy7wSaDZo,Colombia,CO,,COL
d9ccc2c9,2021-02-11,2179642,65829,1995252,10714181,,,,,,,-2,-3,-2,-4,-2,-3,-2,4,2,2,2,1,2,1,71.51,81.02,71.01,75.0,1,Colombia,,,4.5709,-74.2973,49648685,COL,CO,170,COU,,ChIJo5QVrjqkFY4RQKPy7wSaDZo,Colombia,CO,,COL
d9ccc2c9,2021-02-12,2185169,66079,2002502,10768211,,,,,,,-2,-3,-2,-4,-2,-3,-2,4,2,2,2,1,2,1,71.51,81.02,71.01,75.0,1,Colombia,,,4.5709,-74.2973,49648685,COL,CO,170,COU,,ChIJo5QVrjqkFY4RQKPy7wSaDZo,Colombia,CO,,COL
d9ccc2c9,2021-02-13,2190117,66301,2007912,10811014,,,,,,,-2,-3,-2,-4,-2,-3,-2,4,2,2,2,1,2,1,71.51,81.02,71.01,75.0,1,Colombia,,,4.5709,-74.2973,49648685,COL,CO,170,COU,,ChIJo5QVrjqkFY4RQKPy7wSaDZo,Colombia,CO,,COL
d9ccc2c9,2021-02-14,2195041,66541,2012871,10845265,,,,,,,-2,-3,-2,-4,-2,-3,-2,4,2,2,2,1,2,1,71.51,81.02,71.01,75.0,1,Colombia,,,4.5709,-74.2973,49648685,COL,CO,170,COU,,ChIJo5QVrjqkFY4RQKPy7wSaDZo,Colombia,CO,,COL
d9ccc2c9,2021-02-15,2198552,66731,2019480,10885431,,,,,,,-2,-3,-2,-4,-2,-3,-2,4,2,2,2,1,2,1,71.51,81.02,71.01,75.0,1,Colombia,,,4.5709,-74.2973,49648685,COL,CO,170,COU,,ChIJo5QVrjqkFY4RQKPy7wSaDZo,Colombia,CO,,COL
d9ccc2c9,2021-02-16,2202602,66946,2024003,10935927,,,,,,,-2,-3,-2,-4,-2,-3,-2,4,2,2,2,1,2,1,71.51,81.02,71.01,75.0,1,Colombia,,,4.5709,-74.2973,49648685,COL,CO,170,COU,,ChIJo5QVrjqkFY4RQKPy7wSaDZo,Colombia,CO,,COL
d9ccc2c9,2021-02-17,2207706,67175,2028469,10985472,18,,,,,,-2,-3,-2,-4,-2,-3,-2,4,2,2,2,1,2,1,71.51,81.02,71.01,75.0,1,Colombia,,,4.5709,-74.2973,49648685,COL,CO,170,COU,,ChIJo5QVrjqkFY4RQKPy7wSaDZo,Colombia,CO,,COL
d9ccc2c9,2021-02-18,2212530,67390,2034086,11031772,9935,,,,,,-2,-3,-2,-4,-2,-3,-2,4,2,2,2,1,2,1,71.51,81.02,71.01,75.0,1,Colombia,,,4.5709,-74.2973,49648685,COL,CO,170,COU,,ChIJo5QVrjqkFY4RQKPy7wSaDZo,Colombia,CO,,COL
d9ccc2c9,2021-02-19,2217006,67577,2039023,11081789,21307,,,,,,-2,-3,-2,-4,-2,-3,-2,4,2,2,2,1,2,1,71.51,81.02,71.01,75.0,1,Colombia,,,4.5709,-74.2973,49648685,COL,CO,170,COU,,ChIJo5QVrjqkFY4RQKPy7wSaDZo,Colombia,CO,,COL
d9ccc2c9,2021-02-20,2222024,67756,2043737,11128122,33140,,,,,,-2,-3,-2,-4,-2,-3,-2,4,2,2,2,1,2,1,71.51,81.02,71.01,75.0,1,Colombia,,,4.5709,-74.2973,49648685,COL,CO,170,COU,,ChIJo5QVrjqkFY4RQKPy7wSaDZo,Colombia,CO,,COL
d9ccc2c9,2021-02-21,2226268,67944,2048431,11176631,39827,,,,,,-2,-3,-2,-4,-2,-3,-2,4,2,2,2,1,2,1,71.51,81.02,71.01,75.0,1,Colombia,,,4.5709,-74.2973,49648685,COL,CO,170,COU,,ChIJo5QVrjqkFY4RQKPy7wSaDZo,Colombia,CO,,COL
d9ccc2c9,2021-02-22,2229666,68125,2053105,11214396,45166,,,,,,-2,-3,-2,-4,-2,-3,-2,4,2,2,2,1,2,1,71.51,81.02,71.01,75.0,1,Colombia,,,4.5709,-74.2973,49648685,COL,CO,170,COU,,ChIJo5QVrjqkFY4RQKPy7wSaDZo,Colombia,CO,,COL
d9ccc2c9,2021-02-23,2233591,68322,2058629,11256152,48150,,,,,,-2,-3,-2,-4,-2,-3,-2,4,2,2,2,1,2,1,71.51,81.02,71.01,75.0,1,Colombia,,,4.5709,-74.2973,49648685,COL,CO,170,COU,,ChIJo5QVrjqkFY4RQKPy7wSaDZo,Colombia,CO,,COL
d9ccc2c9,2021-02-24,2237544,68497,2064095,11299996,50524,,,,,,-2,-3,-2,-4,-2,-3,-2,4,2,2,2,1,2,1,71.51,81.02,71.01,75.0,1,Colombia,,,4.5709,-74.2973,49648685,COL,CO,170,COU,,ChIJo5QVrjqkFY4RQKPy7wSaDZo,Colombia,CO,,COL
d9ccc2c9,2021-02-25,2241227,68654,2069347,11340470,66157,,,,,,-2,-3,-2,-4,-2,-3,-2,4,2,2,2,1,2,1,71.51,81.02,71.01,75.0,1,Colombia,,,4.5709,-74.2973,49648685,COL,CO,170,COU,,ChIJo5QVrjqkFY4RQKPy7wSaDZo,Colombia,CO,,COL
d9ccc2c9,2021-02-26,2244794,68811,2074079,11382535,81333,,,,,,-2,-3,-2,-4,-2,-3,-2,4,2,2,2,1,2,1,71.51,81.02,71.01,75.0,1,Colombia,,,4.5709,-74.2973,49648685,COL,CO,170,COU,,ChIJo5QVrjqkFY4RQKPy7wSaDZo,Colombia,CO,,COL
d9ccc2c9,2021-02-27,2248137,68961,2078501,11425271,114042,,,,,,-2,-3,-2,-4,-2,-3,-2,4,2,2,2,1,2,1,71.51,81.02,71.01,75.0,1,Colombia,,,4.5709,-74.2973,49648685,COL,CO,170,COU,,ChIJo5QVrjqkFY4RQKPy7wSaDZo,Colombia,CO,,COL
d9ccc2c9,2021-02-28,2251692,69124,2082001,11456743,130578,,,,,,-2,-3,-2,-4,-2,-3,-2,4,2,2,2,1,2,1,71.51,81.02,71.01,75.0,1,Colombia,,,4.5709,-74.2973,49648685,COL,CO,170,COU,,ChIJo5QVrjqkFY4RQKPy7wSaDZo,Colombia,CO,,COL
d9ccc2c9,2021-03-01,2255262,69252,2085626,11488926,149133,,,,,,-2,-3,-2,-4,-2,-3,-2,4,2,2,2,1,2,1,71.51,81.02,71.01,75.0,1,Colombia,,,4.5709,-74.2973,49648685,COL,CO,170,COU,,ChIJo5QVrjqkFY4RQKPy7wSaDZo,Colombia,CO,,COL
d9ccc2c9,2021-03-02,2259601,69390,2089920,11526654,169619,,,,,,-2,-3,-2,-4,-2,-3,-2,4,2,2,2,1,2,1,71.51,81.02,71.01,75.0,1,Colombia,,,4.5709,-74.2973,49648685,COL,CO,170,COU,,ChIJo5QVrjqkFY4RQKPy7wSaDZo,Colombia,CO,,COL
d9ccc2c9,2021-03-03,2262648,69536,2094278,11566658,191480,,,,,,-2,-3,-2,-4,-2,-3,-2,4,2,2,2,1,2,1,71.51,81.02,71.01,75.0,1,Colombia,,,4.5709,-74.2973,49648685,COL,CO,170,COU,,ChIJo5QVrjqkFY4RQKPy7wSaDZo,Colombia,CO,,COL
d9ccc2c9,2021-03-04,2266213,69689,2098074,11611954,206475,,,,,,-2,-3,-2,-4,-2,-3,-2,4,2,2,2,1,2,1,71.51,81.02,71.01,75.0,1,Colombia,,,4.5709,-74.2973,49648685,COL,CO,170,COU,,ChIJo5QVrjqkFY4RQKPy7wSaDZo,Colombia,CO,,COL
d9ccc2c9,2021-03-05,2269584,69848,2101674,11652942,239851,,,,,,-2,-3,-2,-4,-2,-3,-2,4,2,2,2,1,2,1,71.51,81.02,71.01,75.0,1,Colombia,,,4.5709,-74.2973,49648685,COL,CO,170,COU,,ChIJo5QVrjqkFY4RQKPy7wSaDZo,Colombia,CO,,COL
d9ccc2c9,2021-03-06,2273247,70025,2105779,11693669,270411,,,,,,-2,-3,-2,-4,-2,-3,-2,4,2,2,2,1,2,1,71.51,81.02,71.01,75.0,1,Colombia,,,4.5709,-74.2973,49648685,COL,CO,170,COU,,ChIJo5QVrjqkFY4RQKPy7wSaDZo,Colombia,CO,,COL
d9ccc2c9,2021-03-07,2276658,70175,2110314,11715343,299400,,,,,,-2,-3,-2,-4,-2,-3,-2,4,2,2,2,1,2,1,71.51,81.02,71.01,75.0,1,Colombia,,,4.5709,-74.2973,49648685,COL,CO,170,COU,,ChIJo5QVrjqkFY4RQKPy7wSaDZo,Colombia,CO,,COL
d9ccc2c9,2021-03-08,2278863,70310,2113783,11746734,316079,,,,,,-2,-3,-2,-4,-2,-3,-2,4,2,2,2,1,2,1,71.51,81.02,71.01,75.0,1,Colombia,,,4.5709,-74.2973,49648685,COL,CO,170,COU,,ChIJo5QVrjqkFY4RQKPy7wSaDZo,Colombia,CO,,COL
d9ccc2c9,2021-03-09,2282374,70451,2116570,11782066,403095,,,,,,-2,-3,-2,-4,-2,-3,-2,4,2,2,2,1,2,1,71.51,81.02,71.01,75.0,1,Colombia,,,4.5709,-74.2973,49648685,COL,CO,170,COU,,ChIJo5QVrjqkFY4RQKPy7wSaDZo,Colombia,CO,,COL
d9ccc2c9,2021-03-10,2285962,70579,2120263,11817532,480250,,,,,,-2,-3,-2,-4,-2,-3,-2,4,2,2,2,1,2,1,71.51,81.02,71.01,75.0,1,Colombia,,,4.5709,-74.2973,49648685,COL,CO,170,COU,,ChIJo5QVrjqkFY4RQKPy7wSaDZo,Colombia,CO,,COL
d9ccc2c9,2021-03-11,2290541,70703,2123847,11868234,589208,,,,,,-2,-3,-2,-4,-2,-3,-2,4,2,2,2,1,2,1,71.51,81.02,71.01,75.0,1,Colombia,,,4.5709,-74.2973,49648685,COL,CO,170,COU,,ChIJo5QVrjqkFY4RQKPy7wSaDZo,Colombia,CO,,COL
d9ccc2c9,2021-03-12,2294619,70833,2128038,11916301,693490,,,,,,-2,-3,-2,-4,-2,-3,-2,4,2,2,2,1,2,1,71.51,81.02,71.01,75.0,1,Colombia,,,4.5709,-74.2973,49648685,COL,CO,170,COU,,ChIJo5QVrjqkFY4RQKPy7wSaDZo,Colombia,CO,,COL
d9ccc2c9,2021-03-13,2299084,70996,2132121,11957258,782301,749059,33242,,,,-2,-3,-2,-4,-2,-3,-2,4,2,2,2,1,2,1,71.51,81.02,71.01,75.0,1,Colombia,,,4.5709,-74.2973,49648685,COL,CO,170,COU,,ChIJo5QVrjqkFY4RQKPy7wSaDZo,Colombia,CO,,COL
d9ccc2c9,2021-03-14,2303146,71145,2135449,11987596,843204,803656,39548,,,,-2,-3,-2,-4,-2,-3,-2,4,2,2,2,1,2,1,71.51,81.02,71.01,75.0,1,Colombia,,,4.5709,-74.2973,49648685,COL,CO,170,COU,,ChIJo5QVrjqkFY4RQKPy7wSaDZo,Colombia,CO,,COL
d9ccc2c9,2021-03-15,2305886,71303,2138966,12018590,913961,868994,44967,,,,-2,-3,-2,-4,-2,-3,-2,4,2,2,2,1,2,1,71.51,81.02,71.01,75.0,1,Colombia,,,4.5709,-74.2973,49648685,COL,CO,170,COU,,ChIJo5QVrjqkFY4RQKPy7wSaDZo,Colombia,CO,,COL
d9ccc2c9,2021-03-16,2309602,71445,2141919,12060386,976137,928927,47210,,,,-2,-3,-2,-4,-2,-3,-2,4,2,2,2,1,2,1,71.51,81.02,71.01,75.0,1,Colombia,,,4.5709,-74.2973,49648685,COL,CO,170,COU,,ChIJo5QVrjqkFY4RQKPy7wSaDZo,Colombia,CO,,COL
d9ccc2c9,2021-03-17,2314156,71607,2145137,12094457,1024358,971240,53118,,,,-2,-3,-2,-4,-2,-3,-2,4,2,2,2,1,2,1,71.51,81.02,71.01,75.0,1,Colombia,,,4.5709,-74.2973,49648685,COL,CO,170,COU,,ChIJo5QVrjqkFY4RQKPy7wSaDZo,Colombia,CO,,COL
d9ccc2c9,2021-03-18,2319295,71749,2149437,12140540,1076496,1022604,53892,,,,-2,-3,-2,-4,-2,-3,-2,4,2,2,2,1,2,1,71.51,81.02,71.01,75.0,1,Colombia,,,4.5709,-74.2973,49648685,COL,CO,170,COU,,ChIJo5QVrjqkFY4RQKPy7wSaDZo,Colombia,CO,,COL
d9ccc2c9,2021-03-19,2324427,71905,2154046,12184494,1131999,1077837,54162,,,,-2,-3,-2,-4,-2,-3,-2,4,2,2,2,1,2,1,71.51,81.02,71.01,75.0,1,Colombia,,,4.5709,-74.2973,49648685,COL,CO,170,COU,,ChIJo5QVrjqkFY4RQKPy7wSaDZo,Colombia,CO,,COL
d9ccc2c9,2021-03-20,2331188,72053,2158630,12245274,1182098,1127570,54528,,,,-2,-3,-2,-4,-2,-3,-2,4,2,2,2,1,2,1,71.51,81.02,71.01,75.0,1,Colombia,,,4.5709,-74.2973,49648685,COL,CO,170,COU,,ChIJo5QVrjqkFY4RQKPy7wSaDZo,Colombia,CO,,COL
d9ccc2c9,2021-03-21,2337151,72249,2163683,12284231,1215008,1157159,57849,,,,-2,-3,-2,-4,-2,-3,-2,4,2,2,2,1,2,1,71.51,81.02,71.01,75.0,1,Colombia,,,4.5709,-74.2973,49648685,COL,CO,170,COU,,ChIJo5QVrjqkFY4RQKPy7wSaDZo,Colombia,CO,,COL
d9ccc2c9,2021-03-22,2342279,72423,2169101,12312381,1238259,1177935,60324,,,,-2,-3,-2,-4,-2,-3,-2,4,2,2,2,1,2,1,65.26,81.02,71.01,,1,Colombia,,,4.5709,-74.2973,49648685,COL,CO,170,COU,,ChIJo5QVrjqkFY4RQKPy7wSaDZo,Colombia,CO,,COL
d9ccc2c9,2021-03-23,2347224,72588,2174303,12340944,1299809,1236980,62829,,,,-2,-3,-2,-4,-2,-3,-2,4,2,2,2,1,2,1,65.26,81.02,71.01,,1,Colombia,,,4.5709,-74.2973,49648685,COL,CO,170,COU,,ChIJo5QVrjqkFY4RQKPy7wSaDZo,Colombia,CO,,COL
d9ccc2c9,2021-03-24,2353210,72753,2179838,12384579,1385503,1311229,74274,,,,-2,-3,-2,-4,-2,-3,-2,4,2,2,2,1,2,1,65.26,81.02,71.01,,1,Colombia,,,4.5709,-74.2973,49648685,COL,CO,170,COU,,ChIJo5QVrjqkFY4RQKPy7wSaDZo,Colombia,CO,,COL
d9ccc2c9,2021-03-25,2359942,72946,2186602,12436709,1476364,1359247,117117,,,,-2,-3,-2,-4,-2,-3,-2,4,2,2,2,1,2,1,65.26,81.02,71.01,,1,Colombia,,,4.5709,-74.2973,49648685,COL,CO,170,COU,,ChIJo5QVrjqkFY4RQKPy7wSaDZo,Colombia,CO,,COL
d9ccc2c9,2021-03-26,2367337,73159,2193462,12483229,1596288,1448180,148108,,,,-2,-3,-2,-4,-2,-3,-2,4,2,2,2,1,2,1,65.26,81.02,71.01,,1,Colombia,,,4.5709,-74.2973,49648685,COL,CO,170,COU,,ChIJo5QVrjqkFY4RQKPy7wSaDZo,Colombia,CO,,COL
d9ccc2c9,2021-03-27,2375591,73339,2199057,12539943,1726924,1550856,176068,,,,-2,-3,-2,-4,-2,-3,-2,4,2,2,2,1,2,1,65.26,81.02,71.01,,1,Colombia,,,4.5709,-74.2973,49648685,COL,CO,170,COU,,ChIJo5QVrjqkFY4RQKPy7wSaDZo,Colombia,CO,,COL
d9ccc2c9,2021-03-28,2382730,73522,2205174,12584331,1818861,1624565,194296,,,,-2,-3,-2,-4,-2,-3,-2,4,2,2,2,1,2,1,65.26,81.02,71.01,,1,Colombia,,,4.5709,-74.2973,49648685,COL,CO,170,COU,,ChIJo5QVrjqkFY4RQKPy7wSaDZo,Colombia,CO,,COL
d9ccc2c9,2021-03-29,2389779,73755,2211104,12627301,1965054,1736568,228486,,,,-2,-3,-2,-4,-2,-3,-2,4,2,2,2,1,2,1,71.51,81.02,71.01,75.0,1,Colombia,,,4.5709,-74.2973,49648685,COL,CO,170,COU,,ChIJo5QVrjqkFY4RQKPy7wSaDZo,Colombia,CO,,COL
d9ccc2c9,2021-03-30,2397731,73984,2216885,12674526,2121530,1858823,262707,,,,-2,-3,-2,-4,-2,-3,-2,4,2,2,2,1,2,1,71.51,81.02,71.01,75.0,1,Colombia,,,4.5709,-74.2973,49648685,COL,CO,170,COU,,ChIJo5QVrjqkFY4RQKPy7wSaDZo,Colombia,CO,,COL
d9ccc2c9,2021-03-31,2406377,74220,2222484,12730281,2243392,1957325,286067,,,,-2,-3,-2,-4,-2,-3,-2,4,2,2,2,1,2,1,71.51,81.02,71.01,75.0,1,Colombia,,,4.5709,-74.2973,49648685,COL,CO,170,COU,,ChIJo5QVrjqkFY4RQKPy7wSaDZo,Colombia,CO,,COL
d9ccc2c9,2021-04-01,2417826,74451,2229481,12787988,2300890,1965935,334955,,,,-2,-3,-2,-4,-2,-3,-2,4,2,2,2,1,2,1,71.51,81.02,71.01,75.0,1,Colombia,,,4.5709,-74.2973,49648685,COL,CO,170,COU,,ChIJo5QVrjqkFY4RQKPy7wSaDZo,Colombia,CO,,COL
d9ccc2c9,2021-04-02,2428048,74689,2237237,12831377,2336144,1971891,364253,,,,-2,-3,-2,-4,-2,-3,-2,4,2,2,2,1,2,1,71.51,81.02,71.01,75.0,1,Colombia,,,4.5709,-74.2973,49648685,COL,CO,170,COU,,ChIJo5QVrjqkFY4RQKPy7wSaDZo,Colombia,CO,,COL
d9ccc2c9,2021-04-03,2437196,74924,2245933,12867695,2381049,1989856,391193,,,,-2,-3,-2,-4,-2,-3,-2,4,2,2,2,1,2,1,71.51,81.02,71.01,75.0,1,Colombia,,,4.5709,-74.2973,49648685,COL,CO,170,COU,,ChIJo5QVrjqkFY4RQKPy7wSaDZo,Colombia,CO,,COL
d9ccc2c9,2021-04-04,2446218,75213,2254361,12900346,2408085,2005885,402200,,,,-2,-3,-2,-4,-2,-3,-2,4,2,2,2,1,2,1,71.51,81.02,71.01,75.0,1,Colombia,,,4.5709,-74.2973,49648685,COL,CO,170,COU,,ChIJo5QVrjqkFY4RQKPy7wSaDZo,Colombia,CO,,COL
d9ccc2c9,2021-04-05,2456408,75532,2263109,12942561,2479671,2056135,423536,,,,-2,-3,-2,3,-2,-3,-2,4,2,2,2,3,2,1,73.85,79.63,73.69,75.0,1,Colombia,,,4.5709,-74.2973,49648685,COL,CO,170,COU,,ChIJo5QVrjqkFY4RQKPy7wSaDZo,Colombia,CO,,COL
d9ccc2c9,2021-04-06,2468235,75840,2274478,12986795,,,,,,,-2,-3,-2,3,-2,-3,-2,4,2,2,2,3,2,1,73.85,79.63,73.69,75.0,1,Colombia,,,4.5709,-74.2973,49648685,COL,CO,170,COU,,ChIJo5QVrjqkFY4RQKPy7wSaDZo,Colombia,CO,,COL
d9ccc2c9,2021-04-07,2479616,76172,2284818,13039700,2691513,2148976,542537,,,,-2,-3,-2,3,-2,-3,-2,4,2,2,2,3,2,1,73.85,79.63,73.69,75.0,1,Colombia,,,4.5709,-74.2973,49648685,COL,CO,170,COU,,ChIJo5QVrjqkFY4RQKPy7wSaDZo,Colombia,CO,,COL
d9ccc2c9,2021-04-08,2492080,76493,2296432,13106929,2812828,2172751,640077,,,,-2,-3,-2,3,-2,-3,-2,4,2,2,2,3,2,1,73.85,79.63,73.69,75.0,1,Colombia,,,4.5709,-74.2973,49648685,COL,CO,170,COU,,ChIJo5QVrjqkFY4RQKPy7wSaDZo,Colombia,CO,,COL
d9ccc2c9,2021-04-09,2504205,76875,2307279,13172008,2946222,2201956,744266,,,,-2,-3,-2,3,-2,-3,-2,4,2,2,2,3,2,1,73.85,79.63,73.69,75.0,1,Colombia,,,4.5709,-74.2973,49648685,COL,CO,170,COU,,ChIJo5QVrjqkFY4RQKPy7wSaDZo,Colombia,CO,,COL
d9ccc2c9,2021-04-10,2518714,77238,2317359,13243608,3041349,2232564,808785,,,,-2,-3,-2,3,-2,-3,-2,4,2,2,2,3,2,1,73.85,79.63,73.69,75.0,1,Colombia,,,4.5709,-74.2973,49648685,COL,CO,170,COU,,ChIJo5QVrjqkFY4RQKPy7wSaDZo,Colombia,CO,,COL
d9ccc2c9,2021-04-11,2536197,77579,2325725,13311668,,,,,,,-2,-3,-2,3,-2,-3,-2,4,2,2,2,3,2,1,73.85,79.63,73.69,75.0,1,Colombia,,,4.5709,-74.2973,49648685,COL,CO,170,COU,,ChIJo5QVrjqkFY4RQKPy7wSaDZo,Colombia,CO,,COL
d9ccc2c9,2021-04-12,2552936,77996,2337180,13364877,3173583,2258826,914757,,,,-2,-3,-2,3,-2,-3,-2,4,2,2,2,3,2,1,73.85,79.63,73.69,75.0,1,Colombia,,,4.5709,-74.2973,49648685,COL,CO,170,COU,,ChIJo5QVrjqkFY4RQKPy7wSaDZo,Colombia,CO,,COL
d9ccc2c9,2021-04-13,2569313,78449,2349708,13436806,3350226,2340554,1009672,,,,-2,-3,-2,3,-2,-3,-2,4,2,2,2,3,2,1,73.85,79.63,73.69,75.0,1,Colombia,,,4.5709,-74.2973,49648685,COL,CO,170,COU,,ChIJo5QVrjqkFY4RQKPy7wSaDZo,Colombia,CO,,COL
d9ccc2c9,2021-04-14,2585800,78911,2360024,13524267,3455084,2407129,1047955,,,,-2,-3,-2,3,-2,-3,-2,4,2,2,2,3,2,1,73.85,79.63,73.69,75.0,1,Colombia,,,4.5709,-74.2973,49648685,COL,CO,170,COU,,ChIJo5QVrjqkFY4RQKPy7wSaDZo,Colombia,CO,,COL
d9ccc2c9,2021-04-15,2602718,79360,2372396,13613420,,,,,,,-2,-3,-2,3,-2,-3,-2,4,2,2,2,3,2,1,73.85,79.63,73.69,75.0,1,Colombia,,,4.5709,-74.2973,49648685,COL,CO,170,COU,,ChIJo5QVrjqkFY4RQKPy7wSaDZo,Colombia,CO,,COL
d9ccc2c9,2021-04-16,2619421,79823,2382624,13690748,3590096,2496243,1093853,,,,-2,-3,-2,3,-2,-3,-2,4,2,2,2,3,2,1,73.85,79.63,73.69,75.0,1,Colombia,,,4.5709,-74.2973,49648685,COL,CO,170,COU,,ChIJo5QVrjqkFY4RQKPy7wSaDZo,Colombia,CO,,COL
d9ccc2c9,2021-04-17,2636075,80322,2397625,13772234,3707216,2571554,1135662,,,,-2,-3,-2,3,-2,-3,-2,4,2,2,2,3,2,1,73.85,79.63,73.69,75.0,1,Colombia,,,4.5709,-74.2973,49648685,COL,CO,170,COU,,ChIJo5QVrjqkFY4RQKPy7wSaDZo,Colombia,CO,,COL
d9ccc2c9,2021-04-18,2652947,80798,2410751,13842304,3769499,2614088,1155411,,,,-2,-3,-2,3,-2,-3,-2,4,2,2,2,3,2,1,73.85,79.63,73.69,75.0,1,Colombia,,,4.5709,-74.2973,49648685,COL,CO,170,COU,,ChIJo5QVrjqkFY4RQKPy7wSaDZo,Colombia,CO,,COL
d9ccc2c9,2021-04-19,2667136,81326,2426850,13905118,3867076,2678773,1188303,,,,-2,-3,-2,3,-2,-3,-2,4,2,2,2,3,2,1,73.85,79.63,73.69,75.0,1,Colombia,,,4.5709,-74.2973,49648685,COL,CO,170,COU,,ChIJo5QVrjqkFY4RQKPy7wSaDZo,Colombia,CO,,COL
d9ccc2c9,2021-04-20,2684101,81842,2443737,13976090,3979575,2747711,1231864,,,,-2,-3,-2,3,-2,-3,-2,4,2,2,2,3,2,1,73.85,79.63,73.69,75.0,1,Colombia,,,4.5709,-74.2973,49648685,COL,CO,170,COU,,ChIJo5QVrjqkFY4RQKPy7wSaDZo,Colombia,CO,,COL
d9ccc2c9,2021-04-21,2701313,82413,2459540,14050202,4131008,2850117,1280891,,,,-2,-3,-2,3,-2,-3,-2,4,2,2,2,3,2,1,73.85,79.63,73.69,75.0,1,Colombia,,,4.5709,-74.2973,49648685,COL,CO,170,COU,,ChIJo5QVrjqkFY4RQKPy7wSaDZo,Colombia,CO,,COL
d9ccc2c9,2021-04-22,2720619,82951,2475325,14132286,4224659,2904408,1320251,,,,-2,-3,-2,3,-2,-3,-2,4,2,2,2,3,2,1,73.85,79.63,73.69,75.0,1,Colombia,,,4.5709,-74.2973,49648685,COL,CO,170,COU,,ChIJo5QVrjqkFY4RQKPy7wSaDZo,Colombia,CO,,COL
d9ccc2c9,2021-04-23,2740538,83465,2492664,14231207,4318314,2961023,1357291,,,,-2,-3,-2,3,-2,-3,-2,4,2,2,2,3,2,1,73.85,79.63,73.69,75.0,1,Colombia,,,4.5709,-74.2973,49648685,COL,CO,170,COU,,ChIJo5QVrjqkFY4RQKPy7wSaDZo,Colombia,CO,,COL
d9ccc2c9,2021-04-24,2757268,83974,2511695,14314679,4400615,3008636,1391979,,,,-2,-3,-2,3,-2,-3,-2,4,2,2,2,3,2,1,73.85,79.63,73.69,75.0,1,Colombia,,,4.5709,-74.2973,49648685,COL,CO,170,COU,,ChIJo5QVrjqkFY4RQKPy7wSaDZo,Colombia,CO,,COL
d9ccc2c9,2021-04-25,2774457,84434,2527720,14395925,4451266,3039713,1411553,,,,-2,-3,-2,3,-2,-3,-2,4,2,2,2,3,2,1,73.85,79.63,73.69,75.0,1,Colombia,,,4.5709,-74.2973,49648685,COL,CO,170,COU,,ChIJo5QVrjqkFY4RQKPy7wSaDZo,Colombia,CO,,COL
d9ccc2c9,2021-04-26,2787297,84974,2543819,14464645,,,,,,,-2,-3,-2,3,-2,-3,-2,4,2,2,2,3,2,1,73.85,79.63,73.69,75.0,1,Colombia,,,4.5709,-74.2973,49648685,COL,CO,170,COU,,ChIJo5QVrjqkFY4RQKPy7wSaDZo,Colombia,CO,,COL
d9ccc2c9,2021-04-27,2804875,85503,2560405,14539159,4625373,3149010,1476363,,,,-2,-3,-2,3,-2,-3,-2,4,2,2,2,3,2,1,73.85,79.63,73.69,75.0,1,Colombia,,,4.5709,-74.2973,49648685,COL,CO,170,COU,,ChIJo5QVrjqkFY4RQKPy7wSaDZo,Colombia,CO,,COL
d9ccc2c9,2021-04-28,2824620,86059,2578344,14623485,4714640,3209415,1505225,,,,-2,-3,-2,3,-2,-3,-2,4,2,2,2,3,2,1,73.85,79.63,73.69,75.0,1,Colombia,,,4.5709,-74.2973,49648685,COL,CO,170,COU,,ChIJo5QVrjqkFY4RQKPy7wSaDZo,Colombia,CO,,COL
d9ccc2c9,2021-04-29,2841923,86577,2597877,14712892,4824078,3277767,1546311,,,,-2,-3,-2,3,-2,-3,-2,4,2,2,2,3,2,1,73.85,79.63,73.69,75.0,1,Colombia,,,4.5709,-74.2973,49648685,COL,CO,170,COU,,ChIJo5QVrjqkFY4RQKPy7wSaDZo,Colombia,CO,,COL
d9ccc2c9,2021-04-30,2859713,87091,2618498,14800102,4986471,3359439,1627032,,,,-2,3,2,3,-2,-3,0,4,2,2,2,3,2,1,71.77,75.93,71.31,75.0,1,Colombia,,,4.5709,-74.2973,49648685,COL,CO,170,COU,,ChIJo5QVrjqkFY4RQKPy7wSaDZo,Colombia,CO,,COL
d9ccc2c9,2021-05-01,2877735,87647,2635778,14885698,5112694,3412223,1700471,,,,-2,3,2,3,-2,-3,0,4,2,2,2,3,2,1,71.77,75.93,71.31,75.0,1,Colombia,,,4.5709,-74.2973,49648685,COL,CO,170,COU,,ChIJo5QVrjqkFY4RQKPy7wSaDZo,Colombia,CO,,COL
d9ccc2c9,2021-05-02,2893644,88207,2649611,14941941,5220330,3454250,1766080,,,,-2,3,2,3,-2,-3,0,4,2,2,2,3,2,1,71.77,75.93,71.31,75.0,1,Colombia,,,4.5709,-74.2973,49648685,COL,CO,170,COU,,ChIJo5QVrjqkFY4RQKPy7wSaDZo,Colombia,CO,,COL
d9ccc2c9,2021-05-03,2905243,88750,2669783,14997297,,,,,,,-3,-3,-2,3,-2,-3,0,2,2,2,2,3,3,1,69.38,69.44,68.57,75.0,1,Colombia,,,4.5709,-74.2973,49648685,COL,CO,170,COU,,ChIJo5QVrjqkFY4RQKPy7wSaDZo,Colombia,CO,,COL
d9ccc2c9,2021-05-04,2919794,89259,2685900,15057676,,,,,,,-3,-3,-2,3,-2,-3,0,2,2,2,2,3,3,1,69.38,69.44,68.57,75.0,1,Colombia,,,4.5709,-74.2973,49648685,COL,CO,170,COU,,ChIJo5QVrjqkFY4RQKPy7wSaDZo,Colombia,CO,,COL
d9ccc2c9,2021-05-05,2934601,89817,2702587,15124187,,,,,,,-3,-3,-2,3,-2,-3,0,2,2,2,2,3,3,1,69.38,69.44,68.57,75.0,1,Colombia,,,4.5709,-74.2973,49648685,COL,CO,170,COU,,ChIJo5QVrjqkFY4RQKPy7wSaDZo,Colombia,CO,,COL
d9ccc2c9,2021-05-06,2951091,90360,2720389,15198836,,,,,,,-3,-3,-2,3,-2,-3,0,2,2,2,2,3,3,1,69.38,69.44,68.57,75.0,1,Colombia,,,4.5709,-74.2973,49648685,COL,CO,170,COU,,ChIJo5QVrjqkFY4RQKPy7wSaDZo,Colombia,CO,,COL
d9ccc2c9,2021-05-07,2968620,90943,2735633,15281053,6096661,3861416,2235245,,,,-3,-3,-2,3,-2,-3,0,2,2,2,2,3,3,1,69.38,69.44,68.57,75.0,1,Colombia,,,4.5709,-74.2973,49648685,COL,CO,170,COU,,ChIJo5QVrjqkFY4RQKPy7wSaDZo,Colombia,CO,,COL
d9ccc2c9,2021-05-08,2985530,91476,2752764,15362550,,,,,,,-3,-3,-2,3,-2,-3,0,2,2,2,2,3,3,1,69.38,69.44,68.57,75.0,1,Colombia,,,4.5709,-74.2973,49648685,COL,CO,170,COU,,ChIJo5QVrjqkFY4RQKPy7wSaDZo,Colombia,CO,,COL
d9ccc2c9,2021-05-09,3002752,91980,2765953,15433478,,,,,,,-3,-3,-2,3,-2,-3,0,2,2,2,2,3,3,1,69.38,69.44,68.57,75.0,1,Colombia,,,4.5709,-74.2973,49648685,COL,CO,170,COU,,ChIJo5QVrjqkFY4RQKPy7wSaDZo,Colombia,CO,,COL
d9ccc2c9,2021-05-10,3015295,92556,2781308,15475156,6478808,4037833,2440975,,,,-3,-3,-2,3,-2,-3,0,2,2,2,2,3,3,1,69.38,69.44,68.57,75.0,1,Colombia,,,4.5709,-74.2973,49648685,COL,CO,170,COU,,ChIJo5QVrjqkFY4RQKPy7wSaDZo,Colombia,CO,,COL
d9ccc2c9,2021-05-11,3031720,93131,2793597,15562215,6673552,4140197,2533355,,,,-3,-3,-2,3,1,-2,0,2,2,2,2,3,3,1,65.73,62.96,64.4,75.0,1,Colombia,,,4.5709,-74.2973,49648685,COL,CO,170,COU,,ChIJo5QVrjqkFY4RQKPy7wSaDZo,Colombia,CO,,COL
d9ccc2c9,2021-05-12,3048713,93676,2804791,15636424,6851163,4238607,2612556,,,,-3,-3,-2,3,1,-2,0,2,2,2,2,3,3,1,65.73,62.96,64.4,75.0,1,Colombia,,,4.5709,-74.2973,49648685,COL,CO,170,COU,,ChIJo5QVrjqkFY4RQKPy7wSaDZo,Colombia,CO,,COL
d9ccc2c9,2021-05-13,3067873,94213,2819482,15709242,7044644,4351490,2693154,,,,-3,-3,-2,3,1,-2,0,2,2,2,2,3,3,1,65.73,62.96,64.4,75.0,1,Colombia,,,4.5709,-74.2973,49648685,COL,CO,170,COU,,ChIJo5QVrjqkFY4RQKPy7wSaDZo,Colombia,CO,,COL
d9ccc2c9,2021-05-14,3084454,94775,2833421,15780762,,,,,,,-3,-3,-2,3,1,-2,0,2,2,2,2,3,3,1,65.73,62.96,64.4,75.0,1,Colombia,,,4.5709,-74.2973,49648685,COL,CO,170,COU,,ChIJo5QVrjqkFY4RQKPy7wSaDZo,Colombia,CO,,COL
d9ccc2c9,2021-05-15,3103327,95309,2846837,15860783,7374433,4552042,2822391,,,,-3,-3,-2,3,1,-2,0,2,2,2,2,3,3,1,65.73,62.96,64.4,75.0,1,Colombia,,,4.5709,-74.2973,49648685,COL,CO,170,COU,,ChIJo5QVrjqkFY4RQKPy7wSaDZo,Colombia,CO,,COL
d9ccc2c9,2021-05-16,3118420,95847,2861940,15922341,7459332,4601785,2857547,,,,-3,-3,-2,3,1,-2,0,2,2,2,2,3,3,1,65.73,62.96,64.4,75.0,1,Colombia,,,4.5709,-74.2973,49648685,COL,CO,170,COU,,ChIJo5QVrjqkFY4RQKPy7wSaDZo,Colombia,CO,,COL
d9ccc2c9,2021-05-17,3131404,96383,2875852,15954940,7537763,4652005,2885758,,,,-3,-3,-2,3,1,-2,0,2,2,2,2,3,3,1,65.73,62.96,64.4,75.0,1,Colombia,,,4.5709,-74.2973,49648685,COL,CO,170,COU,,ChIJo5QVrjqkFY4RQKPy7wSaDZo,Colombia,CO,,COL
d9ccc2c9,2021-05-18,3144541,96947,2891826,15996313,7718287,4759397,2958890,,,,-3,-3,-2,3,1,-2,0,2,2,2,2,3,3,1,65.73,62.96,64.4,75.0,1,Colombia,,,4.5709,-74.2973,49648685,COL,CO,170,COU,,ChIJo5QVrjqkFY4RQKPy7wSaDZo,Colombia,CO,,COL
d9ccc2c9,2021-05-19,3161123,97511,2892061,16072184,7862802,4861546,3001256,,,,-3,-3,-2,3,1,-2,0,2,2,2,2,3,3,1,65.73,62.96,64.4,75.0,1,Colombia,,,4.5709,-74.2973,49648685,COL,CO,170,COU,,ChIJo5QVrjqkFY4RQKPy7wSaDZo,Colombia,CO,,COL
d9ccc2c9,2021-05-20,3177212,98042,2922706,16143574,8008919,4959877,3049042,,,,-3,-3,-2,3,1,-2,0,2,2,2,2,3,3,1,65.73,62.96,64.4,75.0,1,Colombia,,,4.5709,-74.2973,49648685,COL,CO,170,COU,,ChIJo5QVrjqkFY4RQKPy7wSaDZo,Colombia,CO,,COL
d9ccc2c9,2021-05-21,3192050,98637,2942446,16214097,,,,,,,-3,-3,-2,3,1,-2,0,2,2,2,2,3,3,1,65.73,62.96,64.4,75.0,1,Colombia,,,4.5709,-74.2973,49648685,COL,CO,170,COU,,ChIJo5QVrjqkFY4RQKPy7wSaDZo,Colombia,CO,,COL
d9ccc2c9,2021-05-22,3210787,99180,2957377,16308780,8235482,5126062,3109420,,,,-3,-3,-2,3,1,-2,0,2,2,2,2,3,3,1,65.73,62.96,64.4,75.0,1,Colombia,,,4.5709,-74.2973,49648685,COL,CO,170,COU,,ChIJo5QVrjqkFY4RQKPy7wSaDZo,Colombia,CO,,COL
d9ccc2c9,2021-05-23,3232456,99757,2973683,16375812,8304265,5176752,3127513,,,,-3,-3,-2,3,1,-2,0,2,2,2,2,3,3,1,65.73,62.96,64.4,75.0,1,Colombia,,,4.5709,-74.2973,49648685,COL,CO,170,COU,,ChIJo5QVrjqkFY4RQKPy7wSaDZo,Colombia,CO,,COL
d9ccc2c9,2021-05-24,3249432,100302,2994972,16416748,8425588,5278110,3147478,,,,-3,-3,-2,3,1,-2,0,2,2,2,2,3,3,1,65.73,62.96,64.4,75.0,1,Colombia,,,4.5709,-74.2973,49648685,COL,CO,170,COU,,ChIJo5QVrjqkFY4RQKPy7wSaDZo,Colombia,CO,,COL
d9ccc2c9,2021-05-25,3270613,100819,3013671,16506559,8613236,5439630,3173606,,,,-3,-3,-2,3,1,-2,0,2,2,2,2,3,3,1,65.73,62.96,64.4,75.0,1,Colombia,,,4.5709,-74.2973,49648685,COL,CO,170,COU,,ChIJo5QVrjqkFY4RQKPy7wSaDZo,Colombia,CO,,COL
d9ccc2c9,2021-05-26,3294100,101397,3031575,16604431,8842360,5646512,3195848,,,,-3,-3,-2,3,1,-2,0,2,2,2,2,3,3,1,65.73,62.96,64.4,75.0,1,Colombia,,,4.5709,-74.2973,49648685,COL,CO,170,COU,,ChIJo5QVrjqkFY4RQKPy7wSaDZo,Colombia,CO,,COL
d9ccc2c9,2021-05-27,3319192,101961,3055838,16708700,,,,,,,-3,-3,-2,3,1,-2,0,2,2,2,2,3,3,1,65.73,62.96,64.4,75.0,1,Colombia,,,4.5709,-74.2973,49648685,COL,CO,170,COU,,ChIJo5QVrjqkFY4RQKPy7wSaDZo,Colombia,CO,,COL
d9ccc2c9,2021-05-28,3342566,102585,3078255,16789855,,,,,,,-3,-3,-2,3,1,-2,0,2,2,2,2,3,3,1,65.73,62.96,64.4,75.0,1,Colombia,,,4.5709,-74.2973,49648685,COL,CO,170,COU,,ChIJo5QVrjqkFY4RQKPy7wSaDZo,Colombia,CO,,COL
d9ccc2c9,2021-05-29,3363060,103160,3100137,16876213,9661266,6399229,3262037,,,,-3,-3,-2,3,1,-2,0,2,2,2,2,3,3,1,65.73,62.96,64.4,75.0,1,Colombia,,,4.5709,-74.2973,49648685,COL,CO,170,COU,,ChIJo5QVrjqkFY4RQKPy7wSaDZo,Colombia,CO,,COL
d9ccc2c9,2021-05-30,3383278,103745,3114208,16955258,9825772,6551917,3273855,,,,-3,-3,-2,3,1,-2,0,2,2,2,2,3,3,1,65.73,62.96,64.4,75.0,1,Colombia,,,4.5709,-74.2973,49648685,COL,CO,170,COU,,ChIJo5QVrjqkFY4RQKPy7wSaDZo,Colombia,CO,,COL
d9ccc2c9,2021-05-31,3406455,104367,3116256,17006371,10092122,6798875,3293247,,,,-3,-3,-2,3,1,-2,0,2,2,2,2,3,3,1,65.73,62.96,64.4,75.0,1,Colombia,,,4.5709,-74.2973,49648685,COL,CO,170,COU,,ChIJo5QVrjqkFY4RQKPy7wSaDZo,Colombia,CO,,COL
d9ccc2c9,2021-06-01,3432420,104938,3156883,17097069,10382967,7068568,3314399,,,,-3,-3,-2,3,1,-2,0,2,2,2,2,3,3,1,65.73,62.96,64.4,75.0,1,Colombia,,,4.5709,-74.2973,49648685,COL,CO,170,COU,,ChIJo5QVrjqkFY4RQKPy7wSaDZo,Colombia,CO,,COL
d9ccc2c9,2021-06-02,3459420,105536,3184192,17205483,10697683,7359045,3338638,,,,-3,-3,-2,3,1,-2,0,2,2,2,2,3,3,1,65.73,62.96,64.4,75.0,1,Colombia,,,4.5709,-74.2973,49648685,COL,CO,170,COU,,ChIJo5QVrjqkFY4RQKPy7wSaDZo,Colombia,CO,,COL
d9ccc2c9,2021-06-03,3488044,106139,3209856,17302484,10979983,7610719,3369264,,,,-3,-3,-2,3,1,-2,0,2,2,2,2,3,3,1,65.73,62.96,64.4,75.0,1,Colombia,,,4.5709,-74.2973,49648685,COL,CO,170,COU,,ChIJo5QVrjqkFY4RQKPy7wSaDZo,Colombia,CO,,COL
d9ccc2c9,2021-06-04,3518044,106750,3236792,17400103,11244592,7841655,3402937,,,,-3,-3,-2,3,1,-2,0,2,2,2,2,3,3,1,65.73,62.96,64.4,75.0,1,Colombia,,,4.5709,-74.2973,49648685,COL,CO,170,COU,,ChIJo5QVrjqkFY4RQKPy7wSaDZo,Colombia,CO,,COL
d9ccc2c9,2021-06-05,3547015,107373,3261674,17498820,11485904,8053098,3432806,,,,-3,-3,-2,3,1,-2,0,2,2,2,2,3,3,1,65.73,62.96,64.4,75.0,1,Colombia,,,4.5709,-74.2973,49648685,COL,CO,170,COU,,ChIJo5QVrjqkFY4RQKPy7wSaDZo,Colombia,CO,,COL
d9ccc2c9,2021-06-06,3571065,107985,3282147,17570582,11615265,8164744,3450521,,,,-3,-3,-2,3,1,-2,0,2,2,2,2,3,3,1,65.73,62.96,64.4,75.0,1,Colombia,,,4.5709,-74.2973,49648685,COL,CO,170,COU,,ChIJo5QVrjqkFY4RQKPy7wSaDZo,Colombia,CO,,COL
d9ccc2c9,2021-06-07,3593014,108603,3311432,17622991,11733523,8262316,3471207,,,,-3,-3,-2,3,1,-2,0,2,2,2,2,3,3,1,65.73,62.96,64.4,75.0,1,Colombia,,,4.5709,-74.2973,49648685,COL,CO,170,COU,,ChIJo5QVrjqkFY4RQKPy7wSaDZo,Colombia,CO,,COL
d9ccc2c9,2021-06-08,3611600,109210,3335537,17687433,11977805,8442704,3535101,,,,-3,-3,-2,3,1,-2,0,2,2,2,2,3,3,1,65.73,62.96,64.4,75.0,1,Colombia,,,4.5709,-74.2973,49648685,COL,CO,170,COU,,ChIJo5QVrjqkFY4RQKPy7wSaDZo,Colombia,CO,,COL
d9ccc2c9,2021-06-09,3635833,109875,3357389,17796805,12206104,8612065,3594039,,,,-3,-2,2,3,1,-2,0,1,2,2,2,3,3,1,63.65,59.26,62.02,75.0,1,Colombia,,,4.5709,-74.2973,49648685,COL,CO,170,COU,,ChIJo5QVrjqkFY4RQKPy7wSaDZo,Colombia,CO,,COL
d9ccc2c9,2021-06-10,3665135,110536,3381454,17909361,,,,,,,-3,-2,2,3,1,-2,0,1,2,2,2,3,3,1,63.65,59.26,62.02,75.0,1,Colombia,,,4.5709,-74.2973,49648685,COL,CO,170,COU,,ChIJo5QVrjqkFY4RQKPy7wSaDZo,Colombia,CO,,COL
d9ccc2c9,2021-06-11,3694705,111195,3407016,18026860,12711342,8975790,3735552,,,,-3,-2,2,3,1,-2,0,1,2,2,2,3,3,1,63.65,59.26,62.02,75.0,1,Colombia,,,4.5709,-74.2973,49648685,COL,CO,170,COU,,ChIJo5QVrjqkFY4RQKPy7wSaDZo,Colombia,CO,,COL
d9ccc2c9,2021-06-12,3724703,111859,3428613,18111989,12917941,9117737,3800204,,,,-3,-2,2,3,1,-2,0,1,2,2,2,3,3,1,63.65,59.26,62.02,75.0,1,Colombia,,,4.5709,-74.2973,49648685,COL,CO,170,COU,,ChIJo5QVrjqkFY4RQKPy7wSaDZo,Colombia,CO,,COL
d9ccc2c9,2021-06-13,3753222,112532,3448778,18203872,13024786,9194373,3830413,,,,-3,-2,2,3,1,-2,0,1,2,2,2,3,3,1,63.65,59.26,62.02,75.0,1,Colombia,,,4.5709,-74.2973,49648685,COL,CO,170,COU,,ChIJo5QVrjqkFY4RQKPy7wSaDZo,Colombia,CO,,COL
d9ccc2c9,2021-06-14,3777598,113211,3448864,18249590,13167044,9291221,3875823,,,,-3,-2,2,3,1,-2,0,1,2,2,2,3,3,1,63.65,59.26,62.02,75.0,1,Colombia,,,4.5709,-74.2973,49648685,COL,CO,170,COU,,ChIJo5QVrjqkFY4RQKPy7wSaDZo,Colombia,CO,,COL
d9ccc2c9,2021-06-15,3802050,113873,3509906,18337427,,,,,,,-3,-2,2,3,1,-2,0,1,2,2,2,3,3,1,63.65,59.26,62.02,75.0,1,Colombia,,,4.5709,-74.2973,49648685,COL,CO,170,COU,,ChIJo5QVrjqkFY4RQKPy7wSaDZo,Colombia,CO,,COL
d9ccc2c9,2021-06-16,3829877,114539,3534358,18448333,,,,,,,-3,-2,2,3,1,-2,0,1,2,2,2,3,3,1,63.65,59.26,62.02,75.0,1,Colombia,,,4.5709,-74.2973,49648685,COL,CO,170,COU,,ChIJo5QVrjqkFY4RQKPy7wSaDZo,Colombia,CO,,COL
d9ccc2c9,2021-06-17,3859822,115213,3585823,18555222,14062307,9736151,4326156,,,,-3,-2,2,3,1,-2,0,1,2,2,2,3,3,1,63.65,59.26,62.02,75.0,1,Colombia,,,4.5709,-74.2973,49648685,COL,CO,170,COU,,ChIJo5QVrjqkFY4RQKPy7wSaDZo,Colombia,CO,,COL
d9ccc2c9,2021-06-18,3888612,115833,3585948,18668745,,,,,,,-3,-2,2,3,1,-2,0,1,2,2,2,3,3,1,63.65,59.26,62.02,75.0,1,Colombia,,,4.5709,-74.2973,49648685,COL,CO,170,COU,,ChIJo5QVrjqkFY4RQKPy7wSaDZo,Colombia,CO,,COL
d9ccc2c9,2021-06-19,3917345,116507,3613124,18770040,14727526,10071423,4656103,,,,-3,-2,2,3,1,-2,0,1,2,2,2,3,3,1,63.65,59.26,62.02,75.0,1,Colombia,,,4.5709,-74.2973,49648685,COL,CO,170,COU,,ChIJo5QVrjqkFY4RQKPy7wSaDZo,Colombia,CO,,COL
d9ccc2c9,2021-06-20,3945163,117191,3635600,18846507,14953869,10172100,4781769,,,,-3,-2,2,3,1,-2,0,1,2,2,2,3,3,1,63.65,59.26,62.02,75.0,1,Colombia,,,4.5709,-74.2973,49648685,COL,CO,170,COU,,ChIJo5QVrjqkFY4RQKPy7wSaDZo,Colombia,CO,,COL
d9ccc2c9,2021-06-21,3968402,117907,3654207,18926363,15298930,10321140,4977790,,,,-3,-2,2,3,1,-2,0,1,2,2,2,3,3,1,63.65,59.26,62.02,75.0,1,Colombia,,,4.5709,-74.2973,49648685,COL,CO,170,COU,,ChIJo5QVrjqkFY4RQKPy7wSaDZo,Colombia,CO,,COL
d9ccc2c9,2021-06-22,3997018,118579,3682767,19037416,15682435,10493152,5189283,,,,-3,-2,2,3,1,-2,0,1,2,2,2,3,3,1,63.65,59.26,62.02,75.0,1,Colombia,,,4.5709,-74.2973,49648685,COL,CO,170,COU,,ChIJo5QVrjqkFY4RQKPy7wSaDZo,Colombia,CO,,COL
d9ccc2c9,2021-06-23,4027014,119261,3708921,19165371,16038817,10657628,5381189,,,,-3,-2,2,3,1,-2,0,1,2,2,2,3,3,1,63.65,59.26,62.02,75.0,1,Colombia,,,4.5709,-74.2973,49648685,COL,CO,170,COU,,ChIJo5QVrjqkFY4RQKPy7wSaDZo,Colombia,CO,,COL
d9ccc2c9,2021-06-24,4060011,119955,3737057,19284954,16365857,10799201,5566656,,,,-3,-2,2,3,1,-2,0,1,2,2,2,3,3,1,63.65,59.26,62.02,75.0,1,Colombia,,,4.5709,-74.2973,49648685,COL,CO,170,COU,,ChIJo5QVrjqkFY4RQKPy7wSaDZo,Colombia,CO,,COL
d9ccc2c9,2021-06-25,4092743,120621,3767808,19406559,16693732,10936234,5757498,,,,-3,-2,2,3,1,-2,0,1,2,2,2,3,3,1,63.65,59.26,62.02,75.0,1,Colombia,,,4.5709,-74.2973,49648685,COL,CO,170,COU,,ChIJo5QVrjqkFY4RQKPy7wSaDZo,Colombia,CO,,COL
d9ccc2c9,2021-06-26,4126336,121213,3798219,19517260,17024426,11076086,5948340,,,,-3,-2,2,3,1,-2,0,1,2,2,2,3,3,1,63.65,59.26,62.02,75.0,1,Colombia,,,4.5709,-74.2973,49648685,COL,CO,170,COU,,ChIJo5QVrjqkFY4RQKPy7wSaDZo,Colombia,CO,,COL
d9ccc2c9,2021-06-27,4158713,121799,3824001,19616565,17227818,11128130,6137238,,,,-3,-2,2,3,1,-2,0,1,2,2,2,3,3,1,63.65,59.26,62.02,75.0,1,Colombia,,,4.5709,-74.2973,49648685,COL,CO,170,COU,,ChIJo5QVrjqkFY4RQKPy7wSaDZo,Colombia,CO,,COL
d9ccc2c9,2021-06-28,4187191,122461,3851056,19692981,17570929,11187507,6383422,,,,-3,-2,2,3,1,-2,0,1,2,2,2,3,3,1,63.65,59.26,62.02,75.0,1,Colombia,,,4.5709,-74.2973,49648685,COL,CO,170,COU,,ChIJo5QVrjqkFY4RQKPy7wSaDZo,Colombia,CO,,COL
d9ccc2c9,2021-06-29,4213073,123143,3880632,19819940,17941952,11375190,6654730,,,,-3,-2,2,3,1,-2,0,1,2,2,2,3,3,1,63.65,59.26,62.02,75.0,1,Colombia,,,4.5709,-74.2973,49648685,COL,CO,170,COU,,ChIJo5QVrjqkFY4RQKPy7wSaDZo,Colombia,CO,,COL
d9ccc2c9,2021-06-30,4240980,123783,3909816,19934226,18281743,11518988,6896325,,,,-3,-2,2,3,1,-2,0,1,2,2,2,3,3,1,63.65,59.26,62.02,75.0,1,Colombia,,,4.5709,-74.2973,49648685,COL,CO,170,COU,,ChIJo5QVrjqkFY4RQKPy7wSaDZo,Colombia,CO,,COL
d9ccc2c9,2021-07-01,4269295,124409,3939150,20057498,18578199,11644777,7101383,,,,-3,-2,2,3,1,-2,0,1,2,2,2,3,3,1,63.65,59.26,62.02,75.0,1,Colombia,,,4.5709,-74.2973,49648685,COL,CO,170,COU,,ChIJo5QVrjqkFY4RQKPy7wSaDZo,Colombia,CO,,COL
d9ccc2c9,2021-07-02,4297300,125029,3970275,20177700,18857607,11760312,7292768,,,,-3,-2,2,3,1,-2,0,1,2,2,2,3,3,1,63.65,59.26,62.02,75.0,1,Colombia,,,4.5709,-74.2973,49648685,COL,CO,170,COU,,ChIJo5QVrjqkFY4RQKPy7wSaDZo,Colombia,CO,,COL
d9ccc2c9,2021-07-03,4324229,125676,3999369,20279459,19115730,11902048,7436866,,,,-3,-2,2,3,1,-2,0,1,2,2,2,3,3,1,63.65,59.26,62.02,75.0,1,Colombia,,,4.5709,-74.2973,49648685,COL,CO,170,COU,,ChIJo5QVrjqkFY4RQKPy7wSaDZo,Colombia,CO,,COL
d9ccc2c9,2021-07-04,4350494,126291,4026261,20381965,19264851,11982415,7522208,,,,-3,-2,2,3,1,-2,0,1,2,2,2,3,3,1,63.65,59.26,62.02,75.0,1,Colombia,,,4.5709,-74.2973,49648685,COL,CO,170,COU,,ChIJo5QVrjqkFY4RQKPy7wSaDZo,Colombia,CO,,COL
d9ccc2c9,2021-07-05,4375860,126914,4055941,20432435,19436143,12084403,7624099,,,,-3,-2,2,3,1,-2,0,1,2,2,2,3,3,1,63.65,59.26,62.02,75.0,1,Colombia,,,4.5709,-74.2973,49648685,COL,CO,170,COU,,ChIJo5QVrjqkFY4RQKPy7wSaDZo,Colombia,CO,,COL
d9ccc2c9,2021-07-06,4402581,127549,4094589,20500582,,,,,,,-3,-2,2,3,1,-2,0,1,2,2,2,3,3,1,63.65,59.26,62.02,75.0,1,Colombia,,,4.5709,-74.2973,49648685,COL,CO,170,COU,,ChIJo5QVrjqkFY4RQKPy7wSaDZo,Colombia,CO,,COL
d9ccc2c9,2021-07-07,4426810,128153,4123764,20610198,20198661,12547379,8060751,,,,-3,-2,2,3,1,-2,0,1,2,2,2,3,3,1,63.65,59.26,62.02,75.0,1,Colombia,,,4.5709,-74.2973,49648685,COL,CO,170,COU,,ChIJo5QVrjqkFY4RQKPy7wSaDZo,Colombia,CO,,COL
d9ccc2c9,2021-07-08,4450085,128752,4154025,20709245,,,,,,,-3,-2,2,3,1,-2,0,1,2,2,2,3,3,1,63.65,59.26,62.02,75.0,1,Colombia,,,4.5709,-74.2973,49648685,COL,CO,170,COU,,ChIJo5QVrjqkFY4RQKPy7wSaDZo,Colombia,CO,,COL
d9ccc2c9,2021-07-09,4471621,129260,4181746,20825603,,,,,,,-3,-2,2,3,1,-2,0,1,2,2,2,3,3,1,63.65,59.26,62.02,75.0,1,Colombia,,,4.5709,-74.2973,49648685,COL,CO,170,COU,,ChIJo5QVrjqkFY4RQKPy7wSaDZo,Colombia,CO,,COL
d9ccc2c9,2021-07-10,4492536,129794,4211184,20912736,20605186,12840321,8305787,,,,1,,,,1,-2,0,,,,,,,,,,,,1,Colombia,,,4.5709,-74.2973,49648685,COL,CO,170,COU,,ChIJo5QVrjqkFY4RQKPy7wSaDZo,Colombia,CO,,COL
d9ccc2c9,2021-07-11,4511958,130322,4237329,21003692,21641395,13568786,8992264,,,,1,-2,2,3,1,-2,0,1,2,2,2,3,3,1,60.52,53.7,58.45,75.0,1,Colombia,,,4.5709,-74.2973,49648685,COL,CO,170,COU,,ChIJo5QVrjqkFY4RQKPy7wSaDZo,Colombia,CO,,COL
d9ccc2c9,2021-07-12,4530609,130861,4259212,21057876,21911121,13777447,9178479,,,,1,-2,2,3,1,-2,0,1,2,2,2,3,3,1,60.52,53.7,58.45,75.0,1,Colombia,,,4.5709,-74.2973,49648685,COL,CO,170,COU,,ChIJo5QVrjqkFY4RQKPy7wSaDZo,Colombia,CO,,COL
d9ccc2c9,2021-07-13,4548141,131395,4282542,21153799,,,,,,,1,-2,2,3,1,-2,0,1,2,2,2,3,3,1,60.52,53.7,58.45,75.0,1,Colombia,,,4.5709,-74.2973,49648685,COL,CO,170,COU,,ChIJo5QVrjqkFY4RQKPy7wSaDZo,Colombia,CO,,COL
d9ccc2c9,2021-07-14,4565371,131903,4300062,21246740,22624568,14324220,9631722,,,,1,-2,2,3,1,-2,0,1,2,2,2,3,3,1,60.52,53.7,58.45,75.0,1,Colombia,,,4.5709,-74.2973,49648685,COL,CO,170,COU,,ChIJo5QVrjqkFY4RQKPy7wSaDZo,Colombia,CO,,COL
d9ccc2c9,2021-07-15,4583441,132427,4318530,21342763,22942717,14563313,9876044,,,,1,-2,2,3,1,-2,0,1,2,2,2,3,3,1,60.52,53.7,58.45,75.0,1,Colombia,,,4.5709,-74.2973,49648685,COL,CO,170,COU,,ChIJo5QVrjqkFY4RQKPy7wSaDZo,Colombia,CO,,COL
d9ccc2c9,2021-07-16,4601334,132943,4336617,21436875,,,,,,,1,-2,2,3,1,-2,0,1,2,2,2,3,3,1,60.52,53.7,58.45,75.0,1,Colombia,,,4.5709,-74.2973,49648685,COL,CO,170,COU,,ChIJo5QVrjqkFY4RQKPy7wSaDZo,Colombia,CO,,COL
d9ccc2c9,2021-07-17,4621259,133373,4355067,21529894,23486275,14963437,10255069,,,,1,-2,2,3,1,-2,0,1,2,2,2,3,3,1,60.52,53.7,58.45,75.0,1,Colombia,,,4.5709,-74.2973,49648685,COL,CO,170,COU,,ChIJo5QVrjqkFY4RQKPy7wSaDZo,Colombia,CO,,COL
d9ccc2c9,2021-07-18,4639465,133827,4371836,21609401,23631963,15080813,10340378,,,,1,-2,2,3,1,-2,0,1,2,2,2,3,3,1,60.52,53.7,58.45,75.0,1,Colombia,,,4.5709,-74.2973,49648685,COL,CO,170,COU,,ChIJo5QVrjqkFY4RQKPy7wSaDZo,Colombia,CO,,COL
d9ccc2c9,2021-07-19,4655920,134215,4390556,21652671,23832572,15223093,10475982,,,,1,-2,2,3,1,-2,0,1,2,2,2,3,3,1,60.52,53.7,58.45,75.0,1,Colombia,,,4.5709,-74.2973,49648685,COL,CO,170,COU,,ChIJo5QVrjqkFY4RQKPy7wSaDZo,Colombia,CO,,COL
d9ccc2c9,2021-07-20,4668749,134622,4405422,21741458,24000509,15345959,10556284,,,,1,-2,2,3,1,-2,0,1,2,2,2,3,3,1,60.52,53.7,58.45,75.0,1,Colombia,,,4.5709,-74.2973,49648685,COL,CO,170,COU,,ChIJo5QVrjqkFY4RQKPy7wSaDZo,Colombia,CO,,COL
d9ccc2c9,2021-07-21,4679993,135033,4418059,21784392,,,,,,,1,-2,2,3,1,-2,0,1,2,2,2,3,3,1,60.52,53.7,58.45,75.0,1,Colombia,,,4.5709,-74.2973,49648685,COL,CO,170,COU,,ChIJo5QVrjqkFY4RQKPy7wSaDZo,Colombia,CO,,COL
d9ccc2c9,2021-07-22,4692569,135410,4431481,21873708,24535783,15672550,10889063,,,,1,-2,2,3,1,-2,0,1,2,2,2,3,3,1,60.52,53.7,58.45,75.0,1,Colombia,,,4.5709,-74.2973,49648685,COL,CO,170,COU,,ChIJo5QVrjqkFY4RQKPy7wSaDZo,Colombia,CO,,COL
d9ccc2c9,2021-07-23,4705732,135777,4445005,21950663,24826407,15877781,11042971,,,,1,-2,2,3,1,-2,0,1,2,2,2,3,3,1,60.52,53.7,58.45,75.0,1,Colombia,,,4.5709,-74.2973,49648685,COL,CO,170,COU,,ChIJo5QVrjqkFY4RQKPy7wSaDZo,Colombia,CO,,COL
d9ccc2c9,2021-07-24,4716796,136114,4459517,22018901,,,,,,,1,-2,2,3,1,-2,0,1,2,2,2,3,3,1,60.52,53.7,58.45,75.0,1,Colombia,,,4.5709,-74.2973,49648685,COL,CO,170,COU,,ChIJo5QVrjqkFY4RQKPy7wSaDZo,Colombia,CO,,COL
d9ccc2c9,2021-07-25,4727844,136439,4470290,22096293,25352932,16246476,11317608,,,,1,-2,2,3,1,-2,0,1,2,2,2,3,3,1,60.52,53.7,58.45,75.0,1,Colombia,,,4.5709,-74.2973,49648685,COL,CO,170,COU,,ChIJo5QVrjqkFY4RQKPy7wSaDZo,Colombia,CO,,COL
d9ccc2c9,2021-07-26,4736347,136765,4487365,22134737,25641086,16455361,11457631,,,,1,1,1,3,1,-2,0,1,2,2,2,3,5,1,58.85,46.3,56.55,75.0,1,Colombia,,,4.5709,-74.2973,49648685,COL,CO,170,COU,,ChIJo5QVrjqkFY4RQKPy7wSaDZo,Colombia,CO,,COL
d9ccc2c9,2021-07-27,4747773,137114,4508988,22214990,,,,,,,1,1,1,3,1,-2,0,1,2,2,2,3,5,1,58.85,46.3,56.55,75.0,1,Colombia,,,4.5709,-74.2973,49648685,COL,CO,170,COU,,ChIJo5QVrjqkFY4RQKPy7wSaDZo,Colombia,CO,,COL
d9ccc2c9,2021-07-28,4757138,137457,4527316,22280159,26186714,16794653,11759641,,,,1,1,1,3,1,-2,0,1,2,2,2,3,5,1,58.85,46.3,56.55,75.0,1,Colombia,,,4.5709,-74.2973,49648685,COL,CO,170,COU,,ChIJo5QVrjqkFY4RQKPy7wSaDZo,Colombia,CO,,COL
d9ccc2c9,2021-07-29,4766828,137786,4539791,22369728,26515327,17032633,11892153,,,,1,1,1,3,1,-2,0,1,2,2,2,3,5,1,58.85,46.3,56.55,75.0,1,Colombia,,,4.5709,-74.2973,49648685,COL,CO,170,COU,,ChIJo5QVrjqkFY4RQKPy7wSaDZo,Colombia,CO,,COL
d9ccc2c9,2021-07-30,4776290,138048,4549698,22445332,,,,,,,1,1,1,3,1,-2,0,1,2,2,2,3,5,1,58.85,46.3,56.55,75.0,1,Colombia,,,4.5709,-74.2973,49648685,COL,CO,170,COU,,ChIJo5QVrjqkFY4RQKPy7wSaDZo,Colombia,CO,,COL
d9ccc2c9,2021-07-31,4785319,138327,4560467,22530635,27524377,17801838,12179103,,,,1,1,1,3,1,-2,0,1,2,2,2,3,5,1,58.85,46.3,56.55,75.0,1,Colombia,,,4.5709,-74.2973,49648685,COL,CO,170,COU,,ChIJo5QVrjqkFY4RQKPy7wSaDZo,Colombia,CO,,COL
d9ccc2c9,2021-08-01,4794413,138621,4569663,22606877,27751197,17962012,12252821,,,,1,1,1,3,1,-2,0,1,2,2,2,3,5,1,58.85,46.3,56.55,75.0,1,Colombia,,,4.5709,-74.2973,49648685,COL,CO,170,COU,,ChIJo5QVrjqkFY4RQKPy7wSaDZo,Colombia,CO,,COL
d9ccc2c9,2021-08-02,4801049,138896,4580071,22640763,28152320,18256040,12377173,,,,1,1,1,3,1,-2,0,1,2,2,2,3,5,1,58.85,46.3,56.55,75.0,1,Colombia,,,4.5709,-74.2973,49648685,COL,CO,170,COU,,ChIJo5QVrjqkFY4RQKPy7wSaDZo,Colombia,CO,,COL
d9ccc2c9,2021-08-03,4807978,139123,4588075,22701685,28608522,18567543,12542092,,,,1,1,1,3,1,-2,0,1,2,2,2,3,5,1,58.85,46.3,56.55,75.0,1,Colombia,,,4.5709,-74.2973,49648685,COL,CO,170,COU,,ChIJo5QVrjqkFY4RQKPy7wSaDZo,Colombia,CO,,COL
d9ccc2c9,2021-08-04,4815062,139335,4597251,22766799,29013935,18830027,12700513,,,,1,1,1,3,1,-2,0,1,2,2,2,3,5,1,58.85,46.3,56.55,75.0,1,Colombia,,,4.5709,-74.2973,49648685,COL,CO,170,COU,,ChIJo5QVrjqkFY4RQKPy7wSaDZo,Colombia,CO,,COL
d9ccc2c9,2021-08-05,4821602,139546,4606524,22834614,29416582,19092805,12854659,,,,1,1,1,3,1,-2,0,1,2,2,2,3,5,1,58.85,46.3,56.55,75.0,1,Colombia,,,4.5709,-74.2973,49648685,COL,CO,170,COU,,ChIJo5QVrjqkFY4RQKPy7wSaDZo,Colombia,CO,,COL
d9ccc2c9,2021-08-06,4828582,139784,4614645,22913234,,,,,,,1,1,1,3,1,-2,0,1,2,2,2,3,5,1,58.85,46.3,56.55,75.0,1,Colombia,,,4.5709,-74.2973,49648685,COL,CO,170,COU,,ChIJo5QVrjqkFY4RQKPy7wSaDZo,Colombia,CO,,COL
d9ccc2c9,2021-08-07,4834633,140001,4624879,22968182,30244618,19634688,13182770,,,,1,1,1,3,1,-2,0,1,2,2,2,3,5,1,58.85,46.3,56.55,75.0,1,Colombia,,,4.5709,-74.2973,49648685,COL,CO,170,COU,,ChIJo5QVrjqkFY4RQKPy7wSaDZo,Colombia,CO,,COL
d9ccc2c9,2021-08-08,4838983,140175,4631234,23024269,30379000,19734349,13220870,,,,1,1,1,3,1,-2,0,1,2,2,2,3,5,1,58.85,46.3,56.55,75.0,1,Colombia,,,4.5709,-74.2973,49648685,COL,CO,170,COU,,ChIJo5QVrjqkFY4RQKPy7wSaDZo,Colombia,CO,,COL
d9ccc2c9,2021-08-09,4843006,140377,4638476,23057349,30639657,19913442,13313500,,,,1,1,1,3,1,-2,0,1,2,2,2,3,5,1,58.85,46.3,56.55,75.0,1,Colombia,,,4.5709,-74.2973,49648685,COL,CO,170,COU,,ChIJo5QVrjqkFY4RQKPy7wSaDZo,Colombia,CO,,COL
d9ccc2c9,2021-08-10,4846954,140570,4645229,23111253,30883739,20079481,13403370,,,,1,1,1,3,1,-2,0,1,2,2,2,3,5,1,58.85,46.3,56.55,75.0,1,Colombia,,,4.5709,-74.2973,49648685,COL,CO,170,COU,,ChIJo5QVrjqkFY4RQKPy7wSaDZo,Colombia,CO,,COL
d9ccc2c9,2021-08-11,4852322,140749,4652223,23170176,31149291,20261745,13504623,,,,1,1,1,3,1,-2,0,1,2,2,2,3,5,1,58.85,46.3,56.55,75.0,1,Colombia,,,4.5709,-74.2973,49648685,COL,CO,170,COU,,ChIJo5QVrjqkFY4RQKPy7wSaDZo,Colombia,CO,,COL
d9ccc2c9,2021-08-12,4856594,140923,4658638,23230625,31376085,20413695,13590141,,,,1,1,1,3,1,-2,0,1,2,2,2,3,5,1,58.85,46.3,56.55,75.0,1,Colombia,,,4.5709,-74.2973,49648685,COL,CO,170,COU,,ChIJo5QVrjqkFY4RQKPy7wSaDZo,Colombia,CO,,COL
d9ccc2c9,2021-08-13,4860621,141076,4664594,23295506,31553173,20517506,13676098,,,,1,1,1,3,1,-2,0,1,2,2,2,3,5,1,58.85,46.3,56.55,75.0,1,Colombia,,,4.5709,-74.2973,49648685,COL,CO,170,COU,,ChIJo5QVrjqkFY4RQKPy7wSaDZo,Colombia,CO,,COL
d9ccc2c9,2021-08-14,4864628,141227,4669241,23352574,31769498,20669967,13749209,,,,1,1,1,3,1,-2,0,1,2,2,2,3,5,1,58.85,46.3,56.55,75.0,1,Colombia,,,4.5709,-74.2973,49648685,COL,CO,170,COU,,ChIJo5QVrjqkFY4RQKPy7wSaDZo,Colombia,CO,,COL
d9ccc2c9,2021-08-15,4867760,141381,4674067,23416336,31865446,20744167,13775599,,,,1,1,1,3,1,-2,0,1,2,2,2,3,5,1,58.85,46.3,56.55,75.0,1,Colombia,,,4.5709,-74.2973,49648685,COL,CO,170,COU,,ChIJo5QVrjqkFY4RQKPy7wSaDZo,Colombia,CO,,COL
d9ccc2c9,2021-08-16,4870921,141526,4674102,23442025,,,,,,,1,1,1,3,1,-2,0,1,2,2,2,3,5,1,58.85,46.3,56.55,75.0,1,Colombia,,,4.5709,-74.2973,49648685,COL,CO,170,COU,,ChIJo5QVrjqkFY4RQKPy7wSaDZo,Colombia,CO,,COL
d9ccc2c9,2021-08-17,4874168,141663,4678096,23477151,32192874,20978540,13880688,,,,1,1,1,3,1,-2,0,1,2,2,2,3,5,1,58.85,46.3,56.55,75.0,1,Colombia,,,4.5709,-74.2973,49648685,COL,CO,170,COU,,ChIJo5QVrjqkFY4RQKPy7wSaDZo,Colombia,CO,,COL
d9ccc2c9,2021-08-18,4877322,141804,4681843,23527754,32463196,21179816,13958104,,,,1,1,1,3,1,-2,0,1,2,2,2,3,5,1,58.85,46.3,56.55,75.0,1,Colombia,,,4.5709,-74.2973,49648685,COL,CO,170,COU,,ChIJo5QVrjqkFY4RQKPy7wSaDZo,Colombia,CO,,COL
d9ccc2c9,2021-08-19,4880515,141936,4690316,23584375,32741710,21371871,14052941,,,,1,1,1,3,1,-2,0,1,2,2,2,3,5,1,58.85,46.3,56.55,75.0,1,Colombia,,,4.5709,-74.2973,49648685,COL,CO,170,COU,,ChIJo5QVrjqkFY4RQKPy7wSaDZo,Colombia,CO,,COL
d9ccc2c9,2021-08-20,4883931,142074,4694473,23644933,33005580,21549430,14157111,,,,1,1,1,3,1,-2,0,1,2,2,2,3,5,1,58.85,46.3,56.55,75.0,1,Colombia,,,4.5709,-74.2973,49648685,COL,CO,170,COU,,ChIJo5QVrjqkFY4RQKPy7wSaDZo,Colombia,CO,,COL
d9ccc2c9,2021-08-21,4886896,142205,4698864,23698764,33255471,21753014,14208967,,,,1,1,1,3,1,-2,0,1,2,2,2,3,5,1,58.85,46.3,56.55,75.0,1,Colombia,,,4.5709,-74.2973,49648685,COL,CO,170,COU,,ChIJo5QVrjqkFY4RQKPy7wSaDZo,Colombia,CO,,COL
d9ccc2c9,2021-08-22,4889536,142320,4702874,23752239,33405365,21864127,14250028,,,,1,1,1,3,1,-2,0,1,2,2,2,3,5,1,58.85,46.3,56.55,75.0,1,Colombia,,,4.5709,-74.2973,49648685,COL,CO,170,COU,,ChIJo5QVrjqkFY4RQKPy7wSaDZo,Colombia,CO,,COL
d9ccc2c9,2021-08-23,4892234,142462,4706749,23785927,33696899,22095795,14323100,,,,1,1,1,3,1,-2,0,1,2,2,2,3,5,1,58.85,46.3,56.55,75.0,1,Colombia,,,4.5709,-74.2973,49648685,COL,CO,170,COU,,ChIJo5QVrjqkFY4RQKPy7wSaDZo,Colombia,CO,,COL
d9ccc2c9,2021-08-24,4894701,142578,4710957,23828921,33963461,22301932,14390587,,,,1,1,1,3,1,-2,0,1,2,2,2,3,5,1,58.85,46.3,56.55,75.0,1,Colombia,,,4.5709,-74.2973,49648685,COL,CO,170,COU,,ChIJo5QVrjqkFY4RQKPy7wSaDZo,Colombia,CO,,COL
d9ccc2c9,2021-08-25,4897149,142684,4715349,23880868,34247170,22531555,14448771,,,,1,1,1,3,1,-2,0,1,2,2,2,3,5,1,58.85,46.3,56.55,75.0,1,Colombia,,,4.5709,-74.2973,49648685,COL,CO,170,COU,,ChIJo5QVrjqkFY4RQKPy7wSaDZo,Colombia,CO,,COL
d9ccc2c9,2021-08-26,4899084,142776,4720121,23933996,,,,,,,1,1,1,3,1,-2,0,1,2,2,2,3,5,1,58.85,46.3,56.55,75.0,1,Colombia,,,4.5709,-74.2973,49648685,COL,CO,170,COU,,ChIJo5QVrjqkFY4RQKPy7wSaDZo,Colombia,CO,,COL
d9ccc2c9,2021-08-27,4901162,142887,4724116,23989503,34805950,22978676,14592150,,,,1,1,1,3,1,-2,0,1,2,2,2,3,5,1,58.85,46.3,56.55,75.0,1,Colombia,,,4.5709,-74.2973,49648685,COL,CO,170,COU,,ChIJo5QVrjqkFY4RQKPy7wSaDZo,Colombia,CO,,COL
d9ccc2c9,2021-08-28,4903303,142986,4727525,24040866,35071950,23201104,14639269,,,,1,1,1,3,1,-2,0,1,2,2,2,3,5,1,58.85,46.3,56.55,75.0,1,Colombia,,,4.5709,-74.2973,49648685,COL,CO,170,COU,,ChIJo5QVrjqkFY4RQKPy7wSaDZo,Colombia,CO,,COL
d9ccc2c9,2021-08-29,4905257,143091,4729692,24090109,35172185,23288536,14653162,,,,1,1,1,3,1,-2,0,1,2,2,2,3,5,1,58.85,46.3,56.55,75.0,1,Colombia,,,4.5709,-74.2973,49648685,COL,CO,170,COU,,ChIJo5QVrjqkFY4RQKPy7wSaDZo,Colombia,CO,,COL
d9ccc2c9,2021-08-30,4907263,143171,4731401,24119033,35355619,23443209,14685797,,,,1,1,1,3,1,-2,0,1,2,2,2,3,5,1,58.85,46.3,56.55,75.0,1,Colombia,,,4.5709,-74.2973,49648685,COL,CO,170,COU,,ChIJo5QVrjqkFY4RQKPy7wSaDZo,Colombia,CO,,COL
d9ccc2c9,2021-08-31,4909085,143273,4733120,24167107,35546165,23600147,14722990,,,,1,1,1,3,1,-2,0,1,2,2,2,3,5,1,58.85,46.3,56.55,75.0,1,Colombia,,,4.5709,-74.2973,49648685,COL,CO,170,COU,,ChIJo5QVrjqkFY4RQKPy7wSaDZo,Colombia,CO,,COL
d9ccc2c9,2021-09-01,4911081,143358,4735241,24214858,,,,,,,1,1,1,3,1,-2,0,1,2,2,2,3,5,1,58.85,46.3,56.55,75.0,1,Colombia,,,4.5709,-74.2973,49648685,COL,CO,170,COU,,ChIJo5QVrjqkFY4RQKPy7wSaDZo,Colombia,CO,,COL
d9ccc2c9,2021-09-02,4913030,143437,4737296,24266059,35750492,23760584,14771114,,,,1,1,1,3,1,-2,0,1,2,2,2,3,5,1,58.85,46.3,56.55,75.0,1,Colombia,,,4.5709,-74.2973,49648685,COL,CO,170,COU,,ChIJo5QVrjqkFY4RQKPy7wSaDZo,Colombia,CO,,COL
d9ccc2c9,2021-09-03,4914880,143526,4739283,24319930,36090729,24004709,14873013,,,,1,1,1,3,1,-2,0,1,2,2,2,3,5,1,58.85,46.3,56.55,75.0,1,Colombia,,,4.5709,-74.2973,49648685,COL,CO,170,COU,,ChIJo5QVrjqkFY4RQKPy7wSaDZo,Colombia,CO,,COL
d9ccc2c9,2021-09-04,4916979,143593,4741549,24361047,36235580,24111434,14912159,,,,1,1,1,3,1,-2,0,1,2,2,2,3,5,1,58.85,46.3,56.55,75.0,1,Colombia,,,4.5709,-74.2973,49648685,COL,CO,170,COU,,ChIJo5QVrjqkFY4RQKPy7wSaDZo,Colombia,CO,,COL
d9ccc2c9,2021-09-05,4918648,143664,4745098,24407028,,,,,,,1,1,1,3,1,-2,0,1,2,2,2,3,5,1,58.85,46.3,56.55,75.0,1,Colombia,,,4.5709,-74.2973,49648685,COL,CO,170,COU,,ChIJo5QVrjqkFY4RQKPy7wSaDZo,Colombia,CO,,COL
d9ccc2c9,2021-09-06,4919772,143721,4749747,24439042,,,,,,,1,1,1,3,1,-2,0,1,2,2,2,3,5,1,58.85,46.3,56.55,75.0,1,Colombia,,,4.5709,-74.2973,49648685,COL,CO,170,COU,,ChIJo5QVrjqkFY4RQKPy7wSaDZo,Colombia,CO,,COL
d9ccc2c9,2021-09-07,4921409,143816,4752105,24490669,,,,,,,1,1,1,3,1,-2,0,1,2,2,2,3,5,1,58.85,46.3,56.55,75.0,1,Colombia,,,4.5709,-74.2973,49648685,COL,CO,170,COU,,ChIJo5QVrjqkFY4RQKPy7wSaDZo,Colombia,CO,,COL
d9ccc2c9,2021-09-08,4923196,143892,4754104,24543744,,,,,,,1,1,1,3,1,-2,0,1,2,2,2,3,5,1,58.85,46.3,56.55,75.0,1,Colombia,,,4.5709,-74.2973,49648685,COL,CO,170,COU,,ChIJo5QVrjqkFY4RQKPy7wSaDZo,Colombia,CO,,COL
d9ccc2c9,2021-09-09,4924999,143983,4756510,24595358,37034145,24260079,15572631,,,,1,1,1,3,1,-2,0,1,2,2,2,3,5,1,58.85,46.3,56.55,75.0,1,Colombia,,,4.5709,-74.2973,49648685,COL,CO,170,COU,,ChIJo5QVrjqkFY4RQKPy7wSaDZo,Colombia,CO,,COL
d9ccc2c9,2021-09-10,4926771,144051,4758865,24648804,37346540,24434265,15712902,,,,1,1,1,3,1,-2,0,1,2,2,2,3,5,1,58.85,46.3,56.55,75.0,1,Colombia,,,4.5709,-74.2973,49648685,COL,CO,170,COU,,ChIJo5QVrjqkFY4RQKPy7wSaDZo,Colombia,CO,,COL
d9ccc2c9,2021-09-11,4928577,144142,4761155,24690483,,,,,,,1,1,1,3,1,-2,0,1,2,2,2,3,5,1,58.85,46.3,56.55,75.0,1,Colombia,,,4.5709,-74.2973,49648685,COL,CO,170,COU,,ChIJo5QVrjqkFY4RQKPy7wSaDZo,Colombia,CO,,COL
d9ccc2c9,2021-09-12,4930248,144221,4762748,24737528,37444197,24499752,15746173,,,,1,1,1,3,1,-2,0,1,2,2,2,3,5,1,58.85,46.3,56.55,75.0,1,Colombia,,,4.5709,-74.2973,49648685,COL,CO,170,COU,,ChIJo5QVrjqkFY4RQKPy7wSaDZo,Colombia,CO,,COL
d9ccc2c9,2021-09-13,4931562,144297,4764785,24766332,37627506,24613353,15817661,,,,1,1,1,3,1,-2,0,1,2,2,2,3,5,1,58.85,46.3,56.55,75.0,1,Colombia,,,4.5709,-74.2973,49648685,COL,CO,170,COU,,ChIJo5QVrjqkFY4RQKPy7wSaDZo,Colombia,CO,,COL
d9ccc2c9,2021-09-14,4932997,144380,4766341,24816100,37830713,24733487,15902438,,,,1,1,1,3,1,-2,0,1,2,2,2,3,5,1,58.85,46.3,56.55,75.0,1,Colombia,,,4.5709,-74.2973,49648685,COL,CO,170,COU,,ChIJo5QVrjqkFY4RQKPy7wSaDZo,Colombia,CO,,COL
d9ccc2c9,2021-09-15,4934567,144445,4768168,24861820,38002826,24841106,15968154,,,,1,1,1,3,1,-2,0,1,2,2,2,3,5,1,58.85,46.3,56.55,75.0,1,Colombia,,,4.5709,-74.2973,49648685,COL,CO,170,COU,,ChIJo5QVrjqkFY4RQKPy7wSaDZo,Colombia,CO,,COL
d9ccc2c9,2021-09-16,4936051,144521,4769930,24917451,,,,,,,1,1,1,3,1,-2,0,1,2,2,2,3,5,1,58.85,46.3,56.55,75.0,1,Colombia,,,4.5709,-74.2973,49648685,COL,CO,170,COU,,ChIJo5QVrjqkFY4RQKPy7wSaDZo,Colombia,CO,,COL
d9ccc2c9,2021-09-17,4937595,144582,4771468,24967872,38331643,25043592,16096455,,,,1,1,1,3,1,-2,0,1,2,2,2,3,5,1,58.85,46.3,56.55,75.0,1,Colombia,,,4.5709,-74.2973,49648685,COL,CO,170,COU,,ChIJo5QVrjqkFY4RQKPy7wSaDZo,Colombia,CO,,COL
d9ccc2c9,2021-09-18,4939250,144650,4773134,25008370,38442061,25114159,16137068,,,,1,1,1,3,1,-2,0,1,2,2,2,3,5,1,58.85,46.3,56.55,75.0,1,Colombia,,,4.5709,-74.2973,49648685,COL,CO,170,COU,,ChIJo5QVrjqkFY4RQKPy7wSaDZo,Colombia,CO,,COL
d9ccc2c9,2021-09-19,4941063,144715,4774891,25053132,38516606,25166351,16159636,,,,1,1,1,3,1,-2,0,1,2,2,2,3,5,1,58.85,46.3,56.55,75.0,1,Colombia,,,4.5709,-74.2973,49648685,COL,CO,170,COU,,ChIJo5QVrjqkFY4RQKPy7wSaDZo,Colombia,CO,,COL
d9ccc2c9,2021-09-20,4942248,144787,4776978,25082638,38683134,25270271,16223761,,,,1,1,1,3,1,-2,0,1,2,2,2,3,5,1,58.85,46.3,56.55,75.0,1,Colombia,,,4.5709,-74.2973,49648685,COL,CO,170,COU,,ChIJo5QVrjqkFY4RQKPy7wSaDZo,Colombia,CO,,COL
d9ccc2c9,2021-09-21,4943621,144859,4777007,25132965,,,,,,,1,1,1,3,1,-2,0,1,2,2,2,3,5,1,58.85,46.3,56.55,75.0,1,Colombia,,,4.5709,-74.2973,49648685,COL,CO,170,COU,,ChIJo5QVrjqkFY4RQKPy7wSaDZo,Colombia,CO,,COL
d9ccc2c9,2021-09-22,4945202,144932,4780129,25180376,39057913,25518294,16353229,,,,1,1,1,3,1,-2,0,1,2,2,2,3,5,1,58.85,46.3,56.55,75.0,1,Colombia,,,4.5709,-74.2973,49648685,COL,CO,170,COU,,ChIJo5QVrjqkFY4RQKPy7wSaDZo,Colombia,CO,,COL
d9ccc2c9,2021-09-23,4946810,145005,4781880,25230160,39270198,25662320,16423702,,,,1,1,1,3,1,-2,0,1,2,2,2,3,5,1,58.85,46.3,56.55,75.0,1,Colombia,,,4.5709,-74.2973,49648685,COL,CO,170,COU,,ChIJo5QVrjqkFY4RQKPy7wSaDZo,Colombia,CO,,COL
d9ccc2c9,2021-09-24,4948512,145083,4783994,25283567,,,,,,,1,1,1,3,1,-2,0,1,2,2,2,3,5,1,58.85,46.3,56.55,75.0,1,Colombia,,,4.5709,-74.2973,49648685,COL,CO,170,COU,,ChIJo5QVrjqkFY4RQKPy7wSaDZo,Colombia,CO,,COL
d9ccc2c9,2021-09-25,4950252,145134,4784023,25327807,39610550,25888829,16538611,,,,1,1,1,3,1,-2,0,1,2,2,2,3,5,1,58.85,46.3,56.55,75.0,1,Colombia,,,4.5709,-74.2973,49648685,COL,CO,170,COU,,ChIJo5QVrjqkFY4RQKPy7wSaDZo,Colombia,CO,,COL
d9ccc2c9,2021-09-26,4951674,145208,4787133,25371431,39913294,26048698,16684339,,,,1,1,1,3,1,-2,0,1,2,2,2,3,5,1,58.85,46.3,56.55,75.0,1,Colombia,,,4.5709,-74.2973,49648685,COL,CO,170,COU,,ChIJo5QVrjqkFY4RQKPy7wSaDZo,Colombia,CO,,COL
d9ccc2c9,2021-09-27,4952689,145287,4788831,25401886,40168278,26194283,16811660,,,,1,1,1,3,1,-2,0,1,2,2,2,3,5,1,58.85,46.3,56.55,75.0,1,Colombia,,,4.5709,-74.2973,49648685,COL,CO,170,COU,,ChIJo5QVrjqkFY4RQKPy7wSaDZo,Colombia,CO,,COL
d9ccc2c9,2021-09-28,4954375,145333,4791391,25446865,,,,,,,1,1,1,3,1,-2,0,1,2,2,2,3,5,1,58.85,46.3,56.55,75.0,1,Colombia,,,4.5709,-74.2973,49648685,COL,CO,170,COU,,ChIJo5QVrjqkFY4RQKPy7wSaDZo,Colombia,CO,,COL
d9ccc2c9,2021-09-29,4955847,145400,4793371,25491287,40404815,26332902,16929789,,,,1,1,1,3,1,-2,0,1,2,2,2,3,5,1,58.85,46.3,56.55,75.0,1,Colombia,,,4.5709,-74.2973,49648685,COL,CO,170,COU,,ChIJo5QVrjqkFY4RQKPy7wSaDZo,Colombia,CO,,COL
d9ccc2c9,2021-09-30,4957276,145459,4794993,25543092,,,,,,,1,1,1,3,1,-2,0,1,2,2,2,3,5,1,58.85,46.3,56.55,75.0,1,Colombia,,,4.5709,-74.2973,49648685,COL,CO,170,COU,,ChIJo5QVrjqkFY4RQKPy7wSaDZo,Colombia,CO,,COL
d9ccc2c9,2021-10-01,4959143,145528,4796470,25591450,41097797,26862638,17207121,,,,1,1,1,3,1,-2,0,1,2,2,2,3,5,1,58.85,46.3,56.55,75.0,1,Colombia,,,4.5709,-74.2973,49648685,COL,CO,170,COU,,ChIJo5QVrjqkFY4RQKPy7wSaDZo,Colombia,CO,,COL
d9ccc2c9,2021-10-02,4960640,145606,4798359,25636763,,,,,,,1,1,1,3,1,-2,0,1,2,2,2,3,5,1,58.85,46.3,56.55,75.0,1,Colombia,,,4.5709,-74.2973,49648685,COL,CO,170,COU,,ChIJo5QVrjqkFY4RQKPy7wSaDZo,Colombia,CO,,COL
d9ccc2c9,2021-10-03,4962053,145663,4799842,25667895,,,,,,,1,1,1,3,1,-2,0,1,2,2,2,3,5,1,58.85,46.3,56.55,75.0,1,Colombia,,,4.5709,-74.2973,49648685,COL,CO,170,COU,,ChIJo5QVrjqkFY4RQKPy7wSaDZo,Colombia,CO,,COL
d9ccc2c9,2021-10-04,4963242,145731,4801549,25710026,41524918,27149994,17494197,,,,1,1,1,3,1,-2,0,1,2,2,2,3,5,1,58.85,46.3,56.55,75.0,1,Colombia,,,4.5709,-74.2973,49648685,COL,CO,170,COU,,ChIJo5QVrjqkFY4RQKPy7wSaDZo,Colombia,CO,,COL
d9ccc2c9,2021-10-05,4964453,145813,4803042,25747894,,,,,,,1,1,1,3,1,-2,0,1,2,2,2,3,5,1,58.85,46.3,56.55,75.0,1,Colombia,,,4.5709,-74.2973,49648685,COL,CO,170,COU,,ChIJo5QVrjqkFY4RQKPy7wSaDZo,Colombia,CO,,COL
d9ccc2c9,2021-10-06,4965846,145871,4804378,25792619,42039612,27436244,17865559,,,,1,1,1,3,1,-2,0,1,2,2,2,3,5,1,58.85,46.3,56.55,75.0,1,Colombia,,,4.5709,-74.2973,49648685,COL,CO,170,COU,,ChIJo5QVrjqkFY4RQKPy7wSaDZo,Colombia,CO,,COL
d9ccc2c9,2021-10-07,4967523,145932,4805914,25841588,42349272,27587609,18096506,,,,1,1,1,3,1,-2,0,1,2,2,2,3,5,1,58.85,46.3,56.55,75.0,1,Colombia,,,4.5709,-74.2973,49648685,COL,CO,170,COU,,ChIJo5QVrjqkFY4RQKPy7wSaDZo,Colombia,CO,,COL
d9ccc2c9,2021-10-08,4969130,146006,4807837,25893275,42634897,27722308,18308930,,,,1,1,1,3,1,-2,0,1,2,2,2,3,5,1,58.85,46.3,56.55,75.0,1,Colombia,,,4.5709,-74.2973,49648685,COL,CO,170,COU,,ChIJo5QVrjqkFY4RQKPy7wSaDZo,Colombia,CO,,COL
d9ccc2c9,2021-10-09,4970717,146071,4809762,25935818,42885532,27832514,18501504,,,,1,1,1,3,1,-2,0,1,2,2,2,3,5,1,58.85,46.3,56.55,75.0,1,Colombia,,,4.5709,-74.2973,49648685,COL,CO,170,COU,,ChIJo5QVrjqkFY4RQKPy7wSaDZo,Colombia,CO,,COL
d9ccc2c9,2021-10-10,4972235,146139,4811614,25969284,43007509,27885125,18593793,,,,1,1,1,3,1,-2,0,1,2,2,2,3,5,1,58.85,46.3,56.55,75.0,1,Colombia,,,4.5709,-74.2973,49648685,COL,CO,170,COU,,ChIJo5QVrjqkFY4RQKPy7wSaDZo,Colombia,CO,,COL
d9ccc2c9,2021-10-11,4973324,146220,4814275,26008447,43315450,28016960,18815492,,,,1,1,1,3,1,-2,0,1,2,2,2,3,5,1,58.85,46.3,56.55,75.0,1,Colombia,,,4.5709,-74.2973,49648685,COL,CO,170,COU,,ChIJo5QVrjqkFY4RQKPy7wSaDZo,Colombia,CO,,COL
d9ccc2c9,2021-10-12,4974399,146284,4816455,26050132,43608145,28166163,19007794,,,,1,1,1,3,1,-2,0,1,2,2,2,3,5,1,58.85,46.3,56.55,75.0,1,Colombia,,,4.5709,-74.2973,49648685,COL,CO,170,COU,,ChIJo5QVrjqkFY4RQKPy7wSaDZo,Colombia,CO,,COL
d9ccc2c9,2021-10-13,4975655,146346,4817650,26098167,43881718,28300881,19199704,,,,1,1,1,3,1,-2,0,1,2,2,2,3,5,1,58.85,46.3,56.55,75.0,1,Colombia,,,4.5709,-74.2973,49648685,COL,CO,170,COU,,ChIJo5QVrjqkFY4RQKPy7wSaDZo,Colombia,CO,,COL
d9ccc2c9,2021-10-14,4977042,146416,4819041,26146250,44137117,28433989,19370919,,,,1,1,1,3,1,-2,0,1,2,2,2,3,5,1,58.85,46.3,56.55,75.0,1,Colombia,,,4.5709,-74.2973,49648685,COL,CO,170,COU,,ChIJo5QVrjqkFY4RQKPy7wSaDZo,Colombia,CO,,COL
d9ccc2c9,2021-10-15,4978688,146485,4820700,26191730,44350661,28647533,19370919,,,,1,1,1,3,1,-2,0,1,2,2,2,3,5,1,58.85,46.3,56.55,75.0,1,Colombia,,,4.5709,-74.2973,49648685,COL,CO,170,COU,,ChIJo5QVrjqkFY4RQKPy7wSaDZo,Colombia,CO,,COL
d9ccc2c9,2021-10-16,4980232,146560,4822541,26237027,,,,,,,1,1,1,3,1,-2,0,1,2,2,2,3,5,1,58.85,46.3,56.55,75.0,1,Colombia,,,4.5709,-74.2973,49648685,COL,CO,170,COU,,ChIJo5QVrjqkFY4RQKPy7wSaDZo,Colombia,CO,,COL
d9ccc2c9,2021-10-17,4981531,146614,4823956,26264316,44660557,28697781,19724680,,,,1,1,1,3,1,-2,0,1,2,2,2,3,5,1,58.85,46.3,56.55,75.0,1,Colombia,,,4.5709,-74.2973,49648685,COL,CO,170,COU,,ChIJo5QVrjqkFY4RQKPy7wSaDZo,Colombia,CO,,COL
d9ccc2c9,2021-10-18,4982574,146670,4825494,26292987,44731300,28731719,19773196,,,,1,1,1,3,1,-2,0,1,2,3,0,4,5,1,54.69,46.3,53.57,62.5,1,Colombia,,,4.5709,-74.2973,49648685,COL,CO,170,COU,,ChIJo5QVrjqkFY4RQKPy7wSaDZo,Colombia,CO,,COL
d9ccc2c9,2021-10-19,4983526,146738,4825512,26317797,,,,,,,1,1,1,3,1,-2,0,1,2,3,0,4,5,1,54.69,46.3,53.57,62.5,1,Colombia,,,4.5709,-74.2973,49648685,COL,CO,170,COU,,ChIJo5QVrjqkFY4RQKPy7wSaDZo,Colombia,CO,,COL
d9ccc2c9,2021-10-20,4984750,146796,4828159,26356059,,,,,,,1,1,1,3,1,-2,0,1,2,3,0,4,5,1,54.69,46.3,53.57,62.5,1,Colombia,,,4.5709,-74.2973,49648685,COL,CO,170,COU,,ChIJo5QVrjqkFY4RQKPy7wSaDZo,Colombia,CO,,COL
d9ccc2c9,2021-10-21,4986248,146873,4829478,26402931,,,,,,,1,1,1,3,1,-2,0,1,2,3,0,4,5,1,54.69,46.3,53.57,62.5,1,Colombia,,,4.5709,-74.2973,49648685,COL,CO,170,COU,,ChIJo5QVrjqkFY4RQKPy7wSaDZo,Colombia,CO,,COL
d9ccc2c9,2021-10-22,4988020,146937,4830810,26448539,45687674,29231578,20375431,,,,1,1,1,3,1,-2,0,1,2,3,0,4,5,1,54.69,46.3,53.57,62.5,1,Colombia,,,4.5709,-74.2973,49648685,COL,CO,170,COU,,ChIJo5QVrjqkFY4RQKPy7wSaDZo,Colombia,CO,,COL
d9ccc2c9,2021-10-23,4989680,146995,4832325,26491725,45879607,29331273,20498474,,,,1,1,1,3,1,-2,0,1,2,3,0,4,5,1,54.69,46.3,53.57,62.5,1,Colombia,,,4.5709,-74.2973,49648685,COL,CO,170,COU,,ChIJo5QVrjqkFY4RQKPy7wSaDZo,Colombia,CO,,COL
d9ccc2c9,2021-10-24,4991049,147072,4833677,26522436,46007541,29387056,20586698,,,,1,1,1,3,1,-2,0,1,2,3,0,4,5,1,54.69,46.3,53.57,62.5,1,Colombia,,,4.5709,-74.2973,49648685,COL,CO,170,COU,,ChIJo5QVrjqkFY4RQKPy7wSaDZo,Colombia,CO,,COL
d9ccc2c9,2021-10-25,4992585,147142,4835094,26563601,46222565,29510179,20720822,,,,1,1,1,3,1,-2,0,1,2,3,0,4,5,1,54.69,46.3,53.57,62.5,1,Colombia,,,4.5709,-74.2973,49648685,COL,CO,170,COU,,ChIJo5QVrjqkFY4RQKPy7wSaDZo,Colombia,CO,,COL
d9ccc2c9,2021-10-26,4994013,147203,4836888,26607326,46454693,29639006,20859742,,,,1,1,1,3,1,-2,0,1,2,3,0,4,5,1,54.69,46.3,53.57,62.5,1,Colombia,,,4.5709,-74.2973,49648685,COL,CO,170,COU,,ChIJo5QVrjqkFY4RQKPy7wSaDZo,Colombia,CO,,COL
d9ccc2c9,2021-10-27,4995693,147278,4838217,26648457,46698321,29772400,21005191,,,,1,1,1,3,1,-2,0,1,2,3,0,4,5,1,54.69,46.3,53.57,62.5,1,Colombia,,,4.5709,-74.2973,49648685,COL,CO,170,COU,,ChIJo5QVrjqkFY4RQKPy7wSaDZo,Colombia,CO,,COL
d9ccc2c9,2021-10-28,4997443,147334,4839720,26691666,46928624,29899710,21141526,,,,1,1,1,3,1,-2,0,1,2,3,0,4,5,1,54.69,46.3,53.57,62.5,1,Colombia,,,4.5709,-74.2973,49648685,COL,CO,170,COU,,ChIJo5QVrjqkFY4RQKPy7wSaDZo,Colombia,CO,,COL
d9ccc2c9,2021-10-29,4999047,147400,4841550,26739225,,,,,,,1,1,1,3,1,-2,0,1,2,3,0,4,5,1,54.69,46.3,53.57,62.5,1,Colombia,,,4.5709,-74.2973,49648685,COL,CO,170,COU,,ChIJo5QVrjqkFY4RQKPy7wSaDZo,Colombia,CO,,COL
d9ccc2c9,2021-10-30,5000676,147461,4843180,26776485,47286478,30087518,21356231,,,,1,1,1,3,1,-2,0,1,2,3,0,4,5,1,54.69,46.3,53.57,62.5,1,Colombia,,,4.5709,-74.2973,49648685,COL,CO,170,COU,,ChIJo5QVrjqkFY4RQKPy7wSaDZo,Colombia,CO,,COL
d9ccc2c9,2021-10-31,5002386,147531,4844494,26806438,47404063,30172182,21398743,,,,1,1,1,3,1,-2,0,1,2,3,0,4,5,1,54.69,46.3,53.57,62.5,1,Colombia,,,4.5709,-74.2973,49648685,COL,CO,170,COU,,ChIJo5QVrjqkFY4RQKPy7wSaDZo,Colombia,CO,,COL
d9ccc2c9,2021-11-01,5003976,147603,4846159,26842692,,,,,,,1,1,1,3,1,-2,0,1,2,3,0,4,5,1,54.69,46.3,53.57,62.5,1,Colombia,,,4.5709,-74.2973,49648685,COL,CO,170,COU,,ChIJo5QVrjqkFY4RQKPy7wSaDZo,Colombia,CO,,COL
d9ccc2c9,2021-11-02,5005401,147661,4848139,26868453,47766011,30402319,21561295,,,,1,1,1,3,1,-2,0,1,2,3,0,4,5,1,54.69,46.3,53.57,62.5,1,Colombia,,,4.5709,-74.2973,49648685,COL,CO,170,COU,,ChIJo5QVrjqkFY4RQKPy7wSaDZo,Colombia,CO,,COL
d9ccc2c9,2021-11-03,5007098,147735,4849955,26908875,48061615,30597885,21682604,,,,1,1,1,3,1,-2,0,1,2,3,0,4,5,1,54.69,46.3,53.57,62.5,1,Colombia,,,4.5709,-74.2973,49648685,COL,CO,170,COU,,ChIJo5QVrjqkFY4RQKPy7wSaDZo,Colombia,CO,,COL
d9ccc2c9,2021-11-04,5009006,147794,4851810,26949811,48398765,30832885,21813816,,,,1,1,1,3,1,-2,0,1,2,3,0,4,5,1,54.69,46.3,53.57,62.5,1,Colombia,,,4.5709,-74.2973,49648685,COL,CO,170,COU,,ChIJo5QVrjqkFY4RQKPy7wSaDZo,Colombia,CO,,COL
d9ccc2c9,2021-11-05,5010981,147858,4853703,26994910,,,,,,,1,1,1,3,1,-2,0,1,2,3,0,4,5,1,54.69,46.3,53.57,62.5,1,Colombia,,,4.5709,-74.2973,49648685,COL,CO,170,COU,,ChIJo5QVrjqkFY4RQKPy7wSaDZo,Colombia,CO,,COL
d9ccc2c9,2021-11-06,5012980,147931,4855637,27039715,49123580,31364723,22069693,,,,1,1,1,3,1,-2,0,1,2,3,0,4,5,1,54.69,46.3,53.57,62.5,1,Colombia,,,4.5709,-74.2973,49648685,COL,CO,170,COU,,ChIJo5QVrjqkFY4RQKPy7wSaDZo,Colombia,CO,,COL
d9ccc2c9,2021-11-07,5015042,148002,4857357,27070334,49342027,31526877,22140469,,,,1,1,1,3,1,-2,0,1,2,3,0,4,5,1,54.69,46.3,53.57,62.5,1,Colombia,,,4.5709,-74.2973,49648685,COL,CO,170,COU,,ChIJo5QVrjqkFY4RQKPy7wSaDZo,Colombia,CO,,COL
d9ccc2c9,2021-11-08,5016959,148083,4859248,27116372,49708227,31811242,22249865,,,,1,1,1,3,1,-2,0,1,2,3,0,4,5,1,54.69,46.3,53.57,62.5,1,Colombia,,,4.5709,-74.2973,49648685,COL,CO,170,COU,,ChIJo5QVrjqkFY4RQKPy7wSaDZo,Colombia,CO,,COL
d9ccc2c9,2021-11-09,5019158,148142,4861252,27161793,,,,,,,1,1,1,3,1,-2,0,1,2,3,0,4,5,1,54.69,46.3,53.57,62.5,1,Colombia,,,4.5709,-74.2973,49648685,COL,CO,170,COU,,ChIJo5QVrjqkFY4RQKPy7wSaDZo,Colombia,CO,,COL
d9ccc2c9,2021-11-10,5021619,148214,4863439,27208066,50537341,32444067,22501438,,,,1,1,1,3,1,-2,0,1,2,3,0,4,5,1,54.69,46.3,53.57,62.5,1,Colombia,,,4.5709,-74.2973,49648685,COL,CO,170,COU,,ChIJo5QVrjqkFY4RQKPy7wSaDZo,Colombia,CO,,COL
d9ccc2c9,2021-11-11,5024263,148290,4865312,27259397,50914404,32722820,22626221,,,,1,1,1,3,1,-2,0,1,2,3,0,4,5,1,54.69,46.3,53.57,62.5,1,Colombia,,,4.5709,-74.2973,49648685,COL,CO,170,COU,,ChIJo5QVrjqkFY4RQKPy7wSaDZo,Colombia,CO,,COL
d9ccc2c9,2021-11-12,5026822,148356,4867242,27304762,51316129,33019141,22759122,,,,1,1,1,3,1,-2,0,1,2,3,0,4,5,1,54.69,46.3,53.57,62.5,1,Colombia,,,4.5709,-74.2973,49648685,COL,CO,170,COU,,ChIJo5QVrjqkFY4RQKPy7wSaDZo,Colombia,CO,,COL
d9ccc2c9,2021-11-13,5029335,148441,4869134,27347136,,,,,,,1,1,1,3,1,-2,0,1,2,3,0,4,5,1,54.69,46.3,53.57,62.5,1,Colombia,,,4.5709,-74.2973,49648685,COL,CO,170,COU,,ChIJo5QVrjqkFY4RQKPy7wSaDZo,Colombia,CO,,COL
d9ccc2c9,2021-11-14,5031945,148516,4871218,27391291,51821798,33376996,22940295,,,,1,1,1,3,1,-2,0,1,2,3,0,4,5,1,54.69,46.3,53.57,62.5,1,Colombia,,,4.5709,-74.2973,49648685,COL,CO,170,COU,,ChIJo5QVrjqkFY4RQKPy7wSaDZo,Colombia,CO,,COL
d9ccc2c9,2021-11-15,5034266,148584,4873589,27426628,51955048,33470567,22989636,,,,1,1,1,3,1,-2,0,1,2,3,0,4,5,1,54.69,46.3,53.57,62.5,1,Colombia,,,4.5709,-74.2973,49648685,COL,CO,170,COU,,ChIJo5QVrjqkFY4RQKPy7wSaDZo,Colombia,CO,,COL
d9ccc2c9,2021-11-16,5036287,148678,4876265,27462912,52322683,33739934,23115023,,,,1,2,2,3,1,-2,0,1,2,3,0,4,5,1,59.9,55.56,59.52,62.5,1,Colombia,,,4.5709,-74.2973,49648685,COL,CO,170,COU,,ChIJo5QVrjqkFY4RQKPy7wSaDZo,Colombia,CO,,COL
d9ccc2c9,2021-11-17,5038544,148764,4878216,27507768,52756342,34057522,23262045,,,,1,2,2,3,1,-2,0,1,2,3,0,4,5,1,59.9,55.56,59.52,62.5,1,Colombia,,,4.5709,-74.2973,49648685,COL,CO,170,COU,,ChIJo5QVrjqkFY4RQKPy7wSaDZo,Colombia,CO,,COL
d9ccc2c9,2021-11-18,5040665,148843,4880893,27555064,53179680,34369897,23405714,,,,1,2,2,3,1,-2,0,1,2,3,0,4,5,1,59.9,55.56,59.52,62.5,1,Colombia,,,4.5709,-74.2973,49648685,COL,CO,170,COU,,ChIJo5QVrjqkFY4RQKPy7wSaDZo,Colombia,CO,,COL
d9ccc2c9,2021-11-19,5042822,148911,4883132,27607517,53606557,34687025,23544341,,,,1,2,2,3,1,-2,0,1,2,3,0,4,5,1,59.9,55.56,59.52,62.5,1,Colombia,,,4.5709,-74.2973,49648685,COL,CO,170,COU,,ChIJo5QVrjqkFY4RQKPy7wSaDZo,Colombia,CO,,COL
d9ccc2c9,2021-11-20,5045412,149002,4885159,27646897,53986327,34968683,23663901,,,,1,2,2,3,1,-2,0,1,2,3,0,4,5,1,59.9,55.56,59.52,62.5,1,Colombia,,,4.5709,-74.2973,49648685,COL,CO,170,COU,,ChIJo5QVrjqkFY4RQKPy7wSaDZo,Colombia,CO,,COL
d9ccc2c9,2021-11-21,5048061,149082,4886995,27688484,54179166,35113784,23722622,,,,1,2,2,3,1,-2,0,1,2,3,0,4,5,1,59.9,55.56,59.52,62.5,1,Colombia,,,4.5709,-74.2973,49648685,COL,CO,170,COU,,ChIJo5QVrjqkFY4RQKPy7wSaDZo,Colombia,CO,,COL
d9ccc2c9,2021-11-22,5050255,149164,4889704,27741930,54578363,35408049,23848604,,,,1,2,2,3,1,-2,0,1,2,3,0,4,5,1,59.9,55.56,59.52,62.5,1,Colombia,,,4.5709,-74.2973,49648685,COL,CO,170,COU,,ChIJo5QVrjqkFY4RQKPy7wSaDZo,Colombia,CO,,COL
d9ccc2c9,2021-11-23,5052733,149219,4892158,27785340,54982453,35715299,23968195,,,,1,2,2,3,1,-2,0,1,2,3,0,4,5,1,59.9,55.56,59.52,62.5,1,Colombia,,,4.5709,-74.2973,49648685,COL,CO,170,COU,,ChIJo5QVrjqkFY4RQKPy7wSaDZo,Colombia,CO,,COL
d9ccc2c9,2021-11-24,5055253,149307,4894721,27837261,55391614,36026715,24089350,,,,1,2,2,3,1,-2,0,1,2,3,0,4,5,1,59.9,55.56,59.52,62.5,1,Colombia,,,4.5709,-74.2973,49648685,COL,CO,170,COU,,ChIJo5QVrjqkFY4RQKPy7wSaDZo,Colombia,CO,,COL
d9ccc2c9,2021-11-25,5057897,149396,4896882,27888326,,,,,,,1,2,2,3,1,-2,0,1,2,3,0,4,5,1,59.9,55.56,59.52,62.5,1,Colombia,,,4.5709,-74.2973,49648685,COL,CO,170,COU,,ChIJo5QVrjqkFY4RQKPy7wSaDZo,Colombia,CO,,COL
d9ccc2c9,2021-11-26,5060557,149481,4899505,27941454,56199245,36654004,24331295,,,,1,2,2,3,1,-2,0,1,2,3,0,4,5,1,59.9,55.56,59.52,62.5,1,Colombia,,,4.5709,-74.2973,49648685,COL,CO,170,COU,,ChIJo5QVrjqkFY4RQKPy7wSaDZo,Colombia,CO,,COL
d9ccc2c9,2021-11-27,5063177,149567,4902169,27972970,56518538,36899671,24420606,,,,1,1,-2,3,1,1,0,1,2,2,2,4,5,1,60.94,47.22,58.93,75.0,1,Colombia,,,4.5709,-74.2973,49648685,COL,CO,170,COU,,ChIJo5QVrjqkFY4RQKPy7wSaDZo,Colombia,CO,,COL
d9ccc2c9,2021-11-28,5065373,149653,4904413,28015245,56705122,37039263,24478676,,,,1,1,-2,3,1,1,0,1,2,2,2,4,5,1,60.94,47.22,58.93,75.0,1,Colombia,,,4.5709,-74.2973,49648685,COL,CO,170,COU,,ChIJo5QVrjqkFY4RQKPy7wSaDZo,Colombia,CO,,COL
d9ccc2c9,2021-11-29,5067348,149758,4906514,28062189,57087983,37325693,24597537,,,,1,1,-2,3,1,1,0,1,2,2,2,4,5,1,60.94,47.22,58.93,75.0,1,Colombia,,,4.5709,-74.2973,49648685,COL,CO,170,COU,,ChIJo5QVrjqkFY4RQKPy7wSaDZo,Colombia,CO,,COL
d9ccc2c9,2021-11-30,5069644,149834,4908699,28110028,57521265,37640398,24744249,,,,1,1,-2,3,1,1,0,1,2,2,2,4,5,1,60.94,47.22,58.93,75.0,1,Colombia,,,4.5709,-74.2973,49648685,COL,CO,170,COU,,ChIJo5QVrjqkFY4RQKPy7wSaDZo,Colombia,CO,,COL
d9ccc2c9,2021-12-01,5071817,149911,4910821,28158021,58251973,38148662,25028663,,,,1,1,-2,3,1,1,0,1,2,2,2,4,5,1,60.94,47.22,58.93,75.0,1,Colombia,,,4.5709,-74.2973,49648685,COL,CO,170,COU,,ChIJo5QVrjqkFY4RQKPy7wSaDZo,Colombia,CO,,COL
d9ccc2c9,2021-12-02,5074079,149982,4913256,28204762,,,,,,,1,1,-2,3,1,1,0,1,2,2,2,4,5,1,60.94,47.22,58.93,75.0,1,Colombia,,,4.5709,-74.2973,49648685,COL,CO,170,COU,,ChIJo5QVrjqkFY4RQKPy7wSaDZo,Colombia,CO,,COL
d9ccc2c9,2021-12-03,5076378,150086,4915727,28256132,58590490,38371156,25168977,,,,1,1,-2,3,1,1,0,1,2,2,2,4,5,1,60.94,47.22,58.93,75.0,1,Colombia,,,4.5709,-74.2973,49648685,COL,CO,170,COU,,ChIJo5QVrjqkFY4RQKPy7wSaDZo,Colombia,CO,,COL
d9ccc2c9,2021-12-04,5078987,150191,4918074,28291006,,,,,,,1,1,-2,3,1,1,0,1,2,2,2,4,5,1,60.94,47.22,58.93,75.0,1,Colombia,,,4.5709,-74.2973,49648685,COL,CO,170,COU,,ChIJo5QVrjqkFY4RQKPy7wSaDZo,Colombia,CO,,COL
d9ccc2c9,2021-12-05,5081064,150276,4920791,28327979,59045186,38646698,25373204,,,,1,1,-2,3,1,1,0,1,2,2,2,4,5,1,60.94,47.22,58.93,75.0,1,Colombia,,,4.5709,-74.2973,49648685,COL,CO,170,COU,,ChIJo5QVrjqkFY4RQKPy7wSaDZo,Colombia,CO,,COL
d9ccc2c9,2021-12-06,5082762,150361,4922948,28379666,59350713,38823710,25520817,,,,1,1,-2,3,1,1,0,1,2,2,2,4,5,1,60.94,47.22,58.93,75.0,1,Colombia,,,4.5709,-74.2973,49648685,COL,CO,170,COU,,ChIJo5QVrjqkFY4RQKPy7wSaDZo,Colombia,CO,,COL
d9ccc2c9,2021-12-07,5084466,150456,4925001,28428371,59615178,38974456,25649090,,,,1,1,-2,3,1,1,0,1,2,2,2,4,5,1,60.94,47.22,58.93,75.0,1,Colombia,,,4.5709,-74.2973,49648685,COL,CO,170,COU,,ChIJo5QVrjqkFY4RQKPy7wSaDZo,Colombia,CO,,COL
d9ccc2c9,2021-12-08,5086381,150543,4926710,28475700,,,,,,,1,1,-2,3,1,1,0,1,2,2,2,4,5,1,60.94,47.22,58.93,75.0,1,Colombia,,,4.5709,-74.2973,49648685,COL,CO,170,COU,,ChIJo5QVrjqkFY4RQKPy7wSaDZo,Colombia,CO,,COL
d9ccc2c9,2021-12-09,5088008,150628,4928511,28503448,60040692,39203676,25863264,,,,1,1,-2,3,1,1,0,1,2,2,2,4,5,1,60.94,47.22,58.93,75.0,1,Colombia,,,4.5709,-74.2973,49648685,COL,CO,170,COU,,ChIJo5QVrjqkFY4RQKPy7wSaDZo,Colombia,CO,,COL
d9ccc2c9,2021-12-10,5089695,150711,4930181,28556799,60385993,39386770,26041149,,,,1,1,-2,3,1,1,0,1,2,2,2,4,5,1,60.94,47.22,58.93,75.0,1,Colombia,,,4.5709,-74.2973,49648685,COL,CO,170,COU,,ChIJo5QVrjqkFY4RQKPy7wSaDZo,Colombia,CO,,COL
d9ccc2c9,2021-12-11,5091508,150796,4932003,28585027,60630010,39516164,26168206,,,,1,1,-2,3,1,1,0,1,2,2,2,4,5,1,60.94,47.22,58.93,75.0,1,Colombia,,,4.5709,-74.2973,49648685,COL,CO,170,COU,,ChIJo5QVrjqkFY4RQKPy7wSaDZo,Colombia,CO,,COL
d9ccc2c9,2021-12-12,5093534,150877,4933555,28622362,60782329,39598761,26245302,,,,1,1,-2,3,1,1,0,1,2,2,2,4,5,1,60.94,47.22,58.93,75.0,1,Colombia,,,4.5709,-74.2973,49648685,COL,CO,170,COU,,ChIJo5QVrjqkFY4RQKPy7wSaDZo,Colombia,CO,,COL
d9ccc2c9,2021-12-13,5095821,150948,4935641,28681405,61087947,39768049,26397923,,,,1,1,-2,3,1,1,0,1,2,2,2,4,5,1,60.94,47.22,58.93,75.0,1,Colombia,,,4.5709,-74.2973,49648685,COL,CO,170,COU,,ChIJo5QVrjqkFY4RQKPy7wSaDZo,Colombia,CO,,COL
d9ccc2c9,2021-12-14,5097680,151018,4938111,28729167,61405812,39942186,26563983,,,,,,,,,,,,,,,,5,,,,,,1,Colombia,,,4.5709,-74.2973,49648685,COL,CO,170,COU,,ChIJo5QVrjqkFY4RQKPy7wSaDZo,Colombia,CO,,COL
d9ccc2c9,2021-12-15,5099746,151085,4940173,28775622,61722515,40112363,26737024,,,,,,,,,,,,,,,,,,,,,,1,Colombia,,,4.5709,-74.2973,49648685,COL,CO,170,COU,,ChIJo5QVrjqkFY4RQKPy7wSaDZo,Colombia,CO,,COL
d9ccc2c9,2021-12-16,5101466,151167,4942297,28827408,,,,,,,,,,,,,,,,,,,,,,,,,1,Colombia,,,4.5709,-74.2973,49648685,COL,CO,170,COU,,ChIJo5QVrjqkFY4RQKPy7wSaDZo,Colombia,CO,,COL
d9ccc2c9,2021-12-17,5103269,151237,4943914,28882750,62316814,40415037,27077680,,,,,,,,,,,,,,,,,,,,,,1,Colombia,,,4.5709,-74.2973,49648685,COL,CO,170,COU,,ChIJo5QVrjqkFY4RQKPy7wSaDZo,Colombia,CO,,COL
d9ccc2c9,2021-12-18,5105285,151302,4945493,28916782,,,,,,,,,,,,,,,,,,,,,,,,,1,Colombia,,,4.5709,-74.2973,49648685,COL,CO,170,COU,,ChIJo5QVrjqkFY4RQKPy7wSaDZo,Colombia,CO,,COL
d9ccc2c9,2021-12-19,5107323,151310,4946900,28955292,,,,,,,,,,,,,,,,,,,,,,,,,1,Colombia,,,4.5709,-74.2973,49648685,COL,CO,170,COU,,ChIJo5QVrjqkFY4RQKPy7wSaDZo,Colombia,CO,,COL
